<?xml version="1.0" encoding="utf-8"?>
<COLLADA xmlns="http://www.collada.org/2005/11/COLLADASchema" version="1.4.1" xmlns:xsi="http://www.w3.org/2001/XMLSchema-instance">
  <asset>
    <contributor>
      <author>Blender User</author>
      <authoring_tool>Blender 4.5.7 LTS commit date:2026-02-16, commit time:13:34, hash:a9874eeece8d</authoring_tool>
    </contributor>
    <created>2026-08-27T01:18:38</created>
    <modified>2026-08-27T01:18:38</modified>
    <unit name="meter" meter="1"/>
    <up_axis>Z_UP</up_axis>
  </asset>
  <library_effects>
    <effect id="hele_struct-effect">
      <profile_COMMON>
        <newparam sid="hele_struct_dds-surface">
          <surface type="2D">
            <init_from>hele_struct_dds</init_from>
          </surface>
        </newparam>
        <newparam sid="hele_struct_dds-sampler">
          <sampler2D>
            <source>hele_struct_dds-surface</source>
          </sampler2D>
        </newparam>
        <technique sid="common">
          <lambert>
            <emission>
              <color sid="emission">0 0 0 1</color>
            </emission>
            <diffuse>
              <texture texture="hele_struct_dds-sampler" texcoord="ao_map"/>
            </diffuse>
            <index_of_refraction>
              <float sid="ior">1.45</float>
            </index_of_refraction>
          </lambert>
        </technique>
      </profile_COMMON>
    </effect>
  </library_effects>
  <library_images>
    <image id="hele_struct_dds" name="hele_struct_dds">
      <init_from>hele_struct.dds</init_from>
    </image>
  </library_images>
  <library_materials>
    <material id="hele_struct-material" name="hele_struct">
      <instance_effect url="#hele_struct-effect"/>
    </material>
  </library_materials>
  <library_geometries>
    <geometry id="hele_struct-mesh" name="hele_struct">
      <mesh>
        <source id="hele_struct-mesh-positions">
          <float_array id="hele_struct-mesh-positions-array" count="1581">1.123939 2.713428 0.9391655 0 2.936994 0.9391655 2.076768 2.076768 0.9391655 2.713428 1.123939 0.9391655 2.936994 0 0.9391655 2.713428 -1.123939 0.9391655 2.076768 -2.076768 0.9391655 1.123939 -2.713428 0.9391655 0 -2.936994 0.9391655 -1.123939 -2.713428 0.9391655 -2.076768 -2.076768 0.9391655 -2.713428 -1.123939 0.9391655 -2.936994 0 0.9391655 -2.713428 1.123939 0.9391655 -2.076768 2.076768 0.9391655 -1.123939 2.713428 0.9391655 1.123939 2.713428 1.310725 0 2.936994 1.310725 2.076768 2.076768 1.310725 2.713428 1.123939 1.310725 2.936994 0 1.310725 2.713428 -1.123939 1.310725 2.076768 -2.076768 1.310725 1.123939 -2.713428 1.310725 0 -2.936994 1.310725 -1.123939 -2.713428 1.310725 -2.076768 -2.076768 1.310725 -2.713428 -1.123939 1.310725 -2.936994 0 1.310725 -2.713428 1.123939 1.310725 -2.076768 2.076768 1.310725 -1.123939 2.713428 1.310725 1.067137 2.576296 1.310725 0 2.788562 1.310725 1.971811 1.971811 1.310725 2.576296 1.067137 1.310725 2.788562 0 1.310725 2.576296 -1.067137 1.310725 1.971811 -1.971811 1.310725 1.067137 -2.576296 1.310725 0 -2.788562 1.310725 -1.067137 -2.576296 1.310725 -1.971811 -1.971811 1.310725 -2.576296 -1.067137 1.310725 -2.788562 0 1.310725 -2.576296 1.067137 1.310725 -1.971811 1.971811 1.310725 -1.067137 2.576296 1.310725 1.067137 2.576296 4.632921 0 2.788562 4.632921 1.971811 1.971811 4.632921 2.576296 1.067137 4.632921 2.788562 0 4.632921 2.576296 -1.067137 4.632921 1.971811 -1.971811 4.632921 1.067137 -2.576296 4.632921 0 -2.788562 4.632921 -1.067137 -2.576296 4.632921 -1.971811 -1.971811 4.632921 -2.576296 -1.067137 4.632921 -2.788562 0 4.632921 -2.576296 1.067137 4.632921 -1.971811 1.971811 4.632921 -1.067137 2.576296 4.632921 1.127365 2.7217 4.764721 0 2.945946 4.764721 2.083099 2.083099 4.764721 2.7217 1.127365 4.764721 2.945946 0 4.764721 2.7217 -1.127365 4.764721 2.083099 -2.083099 4.764721 1.127365 -2.7217 4.764721 0 -2.945946 4.764721 -1.127365 -2.7217 4.764721 -2.083099 -2.083099 4.764721 -2.7217 -1.127365 4.764721 -2.945946 0 4.764721 -2.7217 1.127365 4.764721 -2.083099 2.083099 4.764721 -1.127365 2.7217 4.764721 1.127365 2.7217 4.969754 0 2.945946 4.969754 2.083099 2.083099 4.969754 2.7217 1.127365 4.969754 2.945946 0 4.969754 2.7217 -1.127365 4.969754 2.083099 -2.083099 4.969754 1.127365 -2.7217 4.969754 0 -2.945946 4.969754 -1.127365 -2.7217 4.969754 -2.083099 -2.083099 4.969754 -2.7217 -1.127365 4.969754 -2.945946 0 4.969754 -2.7217 1.127365 4.969754 -2.083099 2.083099 4.969754 -1.127365 2.7217 4.969754 0.9000229 2.172847 5.009019 0 2.351873 5.009019 1.663025 1.663025 5.009019 2.172847 0.9000228 5.009019 2.351873 0 5.009019 2.172847 -0.900023 5.009019 1.663025 -1.663025 5.009019 0.9000229 -2.172847 5.009019 0 -2.351873 5.009019 -0.9000229 -2.172847 5.009019 -1.663026 -1.663025 5.009019 -2.172847 -0.900023 5.009019 -2.351873 0 5.009019 -2.172847 0.9000228 5.009019 -1.663026 1.663025 5.009019 -0.9000229 2.172847 5.009019 0.5891374 1.422303 5.947669 0 1.53949 5.947669 1.088584 1.088584 5.947669 1.422303 0.5891374 5.947669 1.53949 0 5.947669 1.422303 -0.5891374 5.947669 1.088584 -1.088584 5.947669 0.5891374 -1.422303 5.947669 0 -1.53949 5.947669 -0.5891374 -1.422303 5.947669 -1.088584 -1.088584 5.947669 -1.422303 -0.5891374 5.947669 -1.53949 0 5.947669 -1.422303 0.5891374 5.947669 -1.088584 1.088584 5.947669 -0.5891374 1.422303 5.947669 0.6064696 1.464147 6.686858 0 1.584781 6.686858 1.12061 1.12061 6.686858 1.464147 0.6064696 6.686858 1.584781 0 6.686858 1.464147 -0.6064696 6.686858 1.12061 -1.12061 6.686858 0.6064696 -1.464147 6.686858 0 -1.584781 6.686858 -0.6064696 -1.464147 6.686858 -1.12061 -1.12061 6.686858 -1.464147 -0.6064696 6.686858 -1.584781 0 6.686858 -1.464147 0.6064696 6.686858 -1.12061 1.12061 6.686858 -0.6064696 1.464147 6.686858 0.534894 1.291348 6.738917 0 1.397745 6.738917 0.9883552 0.9883554 6.738917 1.291348 0.5348939 6.738917 1.397745 0 6.738917 1.291348 -0.5348941 6.738917 0.9883552 -0.9883552 6.738917 0.534894 -1.291348 6.738917 0 -1.397745 6.738917 -0.5348941 -1.291348 6.738917 -0.9883554 -0.9883552 6.738917 -1.291348 -0.5348941 6.738917 -1.397745 0 6.738917 -1.291348 0.5348939 6.738917 -0.9883554 0.9883554 6.738917 -0.5348941 1.291348 6.738917 0.5348941 1.291348 6.096923 0 1.397745 6.096923 0.9883553 0.9883554 6.096923 1.291348 0.5348939 6.096923 1.397745 0 6.096923 1.291348 -0.5348941 6.096923 0.9883553 -0.9883552 6.096923 0.5348941 -1.291348 6.096923 0 -1.397745 6.096923 -0.534894 -1.291348 6.096923 -0.9883553 -0.9883552 6.096923 -1.291348 -0.5348941 6.096923 -1.397745 0 6.096923 -1.291348 0.5348939 6.096923 -0.9883553 0.9883554 6.096923 -0.534894 1.291348 6.096923 -1.971811 1.971811 3.878895 -1.067137 2.576296 3.878895 1.067137 -2.576296 3.878895 0 -2.788562 3.878895 0 2.788562 3.878895 1.067137 2.576296 3.878895 -1.067137 -2.576296 3.878895 1.971811 1.971811 3.878895 -1.971811 -1.971811 3.878895 2.576296 1.067137 3.878895 -2.576296 -1.067137 3.878895 2.788562 0 3.878895 -2.788562 0 3.878895 2.576296 -1.067137 3.878895 -2.576296 1.067137 3.878895 1.971811 -1.971811 3.878895 -0.5891374 -1.422303 6.630657 -1.088584 -1.088584 6.630657 1.088584 1.088584 6.630657 1.422303 0.5891374 6.630657 -1.422303 -0.5891374 6.630657 1.53949 0 6.630657 -1.53949 0 6.630657 1.422303 -0.5891374 6.630657 -1.422303 0.5891374 6.630657 1.088584 -1.088584 6.630657 -1.088584 1.088584 6.630657 0.5891374 -1.422303 6.630657 -0.5891374 1.422303 6.630657 0 -1.53949 6.630657 0 1.53949 6.630657 0.5891374 1.422303 6.630657 -1.104458 1.104458 6.738917 -0.5977285 1.443044 6.738917 0.5977284 -1.443044 6.738917 0 -1.561939 6.738917 0 1.561939 6.738917 0.5977284 1.443044 6.738917 -0.5977285 -1.443044 6.738917 1.104458 1.104458 6.738917 -1.104458 -1.104458 6.738917 1.443044 0.5977283 6.738917 -1.443044 -0.5977284 6.738917 1.561939 0 6.738917 -1.561939 0 6.738917 1.443044 -0.5977284 6.738917 -1.443044 0.5977283 6.738917 1.104458 -1.104458 6.738917 -0.4506428 -0.129437 9.566165 -0.2363867 -0.42561 9.566165 0.1245462 -0.4835358 9.566165 0.4207211 -0.2692806 9.566165 0.4786504 0.09164708 9.566165 0.264396 0.3878183 9.566165 -0.0965352 0.4457442 9.566165 -0.3927134 0.2314898 9.566165 -0.0965352 0.4457442 9.635962 -0.3927134 0.2314898 9.635962 0.1245462 -0.4835358 9.635962 0.4600794 -0.2935103 9.601063 -0.260619 -0.4649683 9.601063 -0.4320718 0.2557204 9.601063 0.523614 0.102344 9.601063 0.2886266 0.4271785 9.601063 0.1352432 -0.5284996 9.601063 -0.4956064 -0.1401339 9.601063 -0.107232 0.490707 9.601063 -0.4506428 -0.129437 9.813136 -0.2363867 -0.42561 9.813136 0.4207211 -0.2692806 9.813136 -0.0965352 0.4457442 9.813136 -0.3927134 0.2314898 9.813136 -0.7064787 -0.1915358 10.06067 -0.3741372 -0.6509432 10.06067 0.1857196 -0.7407963 10.06067 0.6451322 -0.4084531 10.06067 0.7349862 0.1513968 10.06067 0.4026447 0.6108042 10.06067 -0.1572086 0.7006538 10.06067 -0.6166248 0.3683141 10.06067 0.1245462 -0.4835358 9.813136 0.4786504 0.09164708 9.813136 0.264396 0.3878183 9.813136 0.4207211 -0.2692806 9.635962 0.4786504 0.09164708 9.635962 -0.4506428 -0.129437 9.635962 -0.2363867 -0.42561 9.635962 0.264396 0.3878183 9.635962 -0.4506428 -0.129437 9.78081 -0.2363867 -0.42561 9.78081 0.1245462 -0.4835358 9.78081 0.4207211 -0.2692806 9.78081 0.4786504 0.09164708 9.78081 0.264396 0.3878183 9.78081 -0.0965352 0.4457442 9.78081 -0.3927134 0.2314898 9.78081 -0.0965352 0.4457442 9.850606 -0.3927134 0.2314898 9.850606 0.1245462 -0.4835358 9.850606 0.4600794 -0.2935103 9.815709 -0.260619 -0.4649683 9.815709 -0.4320718 0.2557204 9.815709 0.523614 0.102344 9.815709 0.2886266 0.4271785 9.815709 0.1352432 -0.5284996 9.815709 -0.4956064 -0.1401339 9.815709 -0.107232 0.490707 9.815709 0.4207211 -0.2692806 9.850606 0.4786504 0.09164708 9.850606 -0.4506428 -0.129437 9.850606 -0.2363867 -0.42561 9.850606 0.264396 0.3878183 9.850606 -0.0965352 0.4457442 9.635962 -0.3927134 0.2314898 9.635962 0.1245462 -0.4835358 9.635962 -0.4506428 -0.129437 9.813136 -0.2363867 -0.42561 9.813136 0.4207211 -0.2692806 9.813136 -0.0965352 0.4457442 9.813136 -0.3927134 0.2314898 9.813136 0.1245462 -0.4835358 9.813136 0.4786504 0.09164708 9.813136 0.264396 0.3878183 9.813136 0.4207211 -0.2692806 9.635962 0.4786504 0.09164708 9.635962 -0.4506428 -0.129437 9.635962 -0.2363867 -0.42561 9.635962 0.264396 0.3878183 9.635962 -0.7064787 -0.1915358 10.19111 -0.3741372 -0.6509432 10.19111 0.1857196 -0.7407963 10.19111 0.6451322 -0.4084531 10.19111 0.7349862 0.1513968 10.19111 0.4026447 0.6108042 10.19111 -0.1572086 0.7006538 10.19111 -0.6166248 0.3683141 10.19111 0.01425457 -0.02006989 10.19111 -0.7064787 -0.1915358 10.06067 -0.3741372 -0.6509432 10.06067 0.1857196 -0.7407963 10.06067 0.6451322 -0.4084531 10.06067 0.7349862 0.1513968 10.06067 0.4026447 0.6108042 10.06067 -0.1572086 0.7006538 10.06067 -0.6166248 0.3683141 10.06067 -0.7064787 -0.1915358 10.19111 -0.3741372 -0.6509432 10.19111 0.1857196 -0.7407963 10.19111 0.6451322 -0.4084531 10.19111 0.7349862 0.1513968 10.19111 0.4026447 0.6108042 10.19111 -0.1572086 0.7006538 10.19111 -0.6166248 0.3683141 10.19111 0 2.806019 5.065506 0 1.598834 6.239562 -0.4895218 1.34495 6.085329 1.803674 2.149535 5.065506 1.027711 1.224778 6.239562 -0.6792917 1.866339 5.837298 2.763389 0.48726 5.065506 1.574545 0.2776347 6.239562 -0.8924561 2.452003 4.935832 -0.8277723 2.274286 5.375886 2.430083 -1.403009 5.065506 1.384631 -0.7994173 6.239562 0.4895218 1.34495 6.085329 0.9597149 -2.636795 5.065506 0.5468336 -1.502413 6.239562 0.6792917 1.866339 5.837298 -0.9597149 -2.636795 5.065506 -0.5468336 -1.502413 6.239562 0.8924561 2.452003 4.935832 0.8277723 2.274286 5.375886 -2.430083 -1.403009 5.065506 -1.384631 -0.7994173 6.239562 1.239513 0.7156329 6.085329 -2.763389 0.48726 5.065506 -1.574545 0.2776347 6.239562 1.720027 0.9930581 5.837298 -1.803674 2.149535 5.065506 -1.027711 1.224778 6.239562 2.259778 1.304683 4.935832 2.095993 1.210122 5.375886 0 2.603753 5.50556 0 2.138815 5.966971 1.409522 -0.2485367 6.085329 1.374804 1.638428 5.966972 1.67366 1.994591 5.50556 1.955943 -0.3448854 5.837298 2.106322 0.3714014 5.966972 2.564196 0.4521371 5.50556 2.569725 -0.4531118 4.935832 2.383475 -0.420271 5.375886 1.852268 -1.069408 5.966972 2.254916 -1.301877 5.50556 0.92 -1.096413 6.085329 0.731518 -2.009829 5.966972 0.8905361 -2.446728 5.50556 1.276651 -1.521453 5.837298 -0.731518 -2.009829 5.966972 -0.8905361 -2.446728 5.50556 1.677269 -1.998891 4.935832 1.555703 -1.854014 5.375886 -1.852268 -1.069408 5.966972 -2.254916 -1.301877 5.50556 0 -1.431266 6.085329 -2.106322 0.3714014 5.966972 -2.564196 0.4521371 5.50556 0 -1.986116 5.837298 -1.374804 1.638428 5.966972 -1.67366 1.994591 5.50556 0 -2.609367 4.935832 0 -2.420244 5.375886 0 2.781311 4.969754 -0.9200001 -1.096413 6.085329 1.787792 2.130608 4.969754 2.739056 0.4829695 4.969754 -1.276651 -1.521453 5.837298 2.408685 -1.390655 4.969754 0.9512643 -2.613577 4.969754 -1.677269 -1.998891 4.935832 -0.9512643 -2.613577 4.969754 -1.555703 -1.854014 5.375886 -2.408685 -1.390655 4.969754 -1.409522 -0.2485367 6.085329 -2.739056 0.4829695 4.969754 -1.787792 2.130608 4.969754 -1.955942 -0.3448854 5.837298 0 1.490092 6.190443 0.957813 1.141477 6.190443 -2.569725 -0.4531118 4.935832 1.467454 0.2587518 6.190443 -2.383475 -0.420271 5.375886 1.290458 -0.7450461 6.190443 -1.239513 0.7156329 6.085329 0.5096416 -1.400229 6.190443 -0.5096416 -1.400229 6.190443 -1.720027 0.9930581 5.837298 -1.290458 -0.7450461 6.190443 -1.467454 0.2587518 6.190443 -2.259778 1.304683 4.935832 -0.957813 1.141477 6.190443 -2.095993 1.210122 5.375886 1.022413 2.600596 5.065506 0.8884176 2.649367 5.065506 0.4774922 1.51464 6.239562 0.6078115 1.467207 6.239562 2.454844 1.334978 5.065506 2.383547 1.458469 5.065506 1.339372 0.8533554 6.239562 1.408713 0.7332524 6.239562 2.738627 -0.5552911 5.065506 2.763389 -0.4148628 5.065506 1.574545 -0.2072235 6.239562 1.550463 -0.3437995 6.239562 1.740976 -2.185733 5.065506 1.85021 -2.094075 5.065506 1.072971 -1.17084 6.239562 0.9667333 -1.259984 6.239562 -0.07129728 -2.793447 5.065506 0.07129728 -2.793447 5.065506 0.06934142 -1.586608 6.239562 -0.06934148 -1.586608 6.239562 -1.85021 -2.094075 5.065506 -1.740976 -2.185733 5.065506 -0.9667333 -1.259984 6.239562 -1.072971 -1.17084 6.239562 -2.763389 -0.4148628 5.065506 -2.738627 -0.5552911 5.065506 -1.550463 -0.3437995 6.239562 -1.574545 -0.2072235 6.239562 -2.383547 1.458469 5.065506 -2.454844 1.334978 5.065506 -1.408713 0.7332524 6.239562 -1.339372 0.8533554 6.239562 -0.8884176 2.649367 5.065506 -1.022413 2.600596 5.065506 -0.6078115 1.467207 6.239562 -0.4774922 1.51464 6.239562 0.7942928 1.973586 5.966972 0.6601331 2.022416 5.966972 0.8181076 2.459499 5.50556 0.9542287 2.409955 5.50556 1.87706 1.001293 5.966972 1.805675 1.124935 5.966972 2.207642 1.358216 5.50556 2.280071 1.232766 5.50556 2.08153 -0.439516 5.966972 2.106322 -0.2989153 5.966972 2.564196 -0.3785912 5.50556 2.539042 -0.5212475 5.50556 1.312029 -1.674671 5.966972 1.421397 -1.5829 5.966972 1.720935 -1.938251 5.50556 1.609968 -2.031363 5.50556 -0.07138484 -2.126228 5.966972 0.07138484 -2.126228 5.966972 0.07242852 -2.590982 5.50556 -0.07242852 -2.590982 5.50556 -1.421397 -1.5829 5.966972 -1.312029 -1.674671 5.966972 -1.609968 -2.031363 5.50556 -1.720935 -1.938251 5.50556 -2.106322 -0.2989153 5.966972 -2.08153 -0.439516 5.966972 -2.539042 -0.5212475 5.50556 -2.564196 -0.3785912 5.50556 -1.805675 1.124935 5.966972 -1.87706 1.001293 5.966972 -2.280071 1.232766 5.50556 -2.207642 1.358216 5.50556 -0.6601331 2.022416 5.966972 -0.7942928 1.973586 5.966972 -0.9542287 2.409955 5.50556 -0.8181076 2.459499 5.50556 0.8799829 2.626146 4.969754 1.013948 2.577386 4.969754 2.36216 1.446102 4.969754 2.433441 1.322639 4.969754 2.739056 -0.4105885 4.969754 2.7143 -0.5509853 4.969754 1.834318 -2.07516 4.969754 1.725108 -2.166798 4.969754 0.07128131 -2.768742 4.969754 -0.07128131 -2.768742 4.969754 -1.725108 -2.166798 4.969754 -1.834318 -2.07516 4.969754 -2.7143 -0.5509853 4.969754 -2.739056 -0.4105886 4.969754 -2.433441 1.322639 4.969754 -2.36216 1.446102 4.969754 -1.013948 2.577387 4.969754 -0.8799829 2.626146 4.969754 0.5706294 1.365017 6.190443 0.4402888 1.412457 6.190443 1.314544 0.6788705 6.190443 1.245191 0.7989931 6.190443 1.443368 -0.3249275 6.190443 1.467454 -0.1883292 6.190443 0.8968251 -1.176688 6.190443 1.00308 -1.08753 6.190443 -0.06935274 -1.477864 6.190443 0.0693528 -1.477864 6.190443 -1.00308 -1.08753 6.190443 -0.8968251 -1.176688 6.190443 -1.467454 -0.1883291 6.190443 -1.443368 -0.3249275 6.190443 -1.245191 0.7989931 6.190443 -1.314544 0.6788705 6.190443 -0.4402888 1.412457 6.190443 -0.5706294 1.365017 6.190443</float_array>
          <technique_common>
            <accessor source="#hele_struct-mesh-positions-array" count="527" stride="3">
              <param name="X" type="float"/>
              <param name="Y" type="float"/>
              <param name="Z" type="float"/>
            </accessor>
          </technique_common>
        </source>
        <source id="hele_struct-mesh-normals">
          <float_array id="hele_struct-mesh-normals-array" count="1803">1 5.10827e-6 0 0.9238776 -0.3826881 0 0.9238815 -0.3826786 0 0 0 1 -1 -5.10827e-6 0 -0.9238776 0.3826881 0 -0.9238815 0.3826786 0 0.7071032 -0.7071104 0 0.7071105 -0.7071031 0 -0.7071033 0.7071104 0 -0.7071105 0.707103 0 0.3826785 -0.9238816 0 0.382688 -0.9238777 0 -0.3826785 0.9238816 0 -0.382688 0.9238777 0 -5.0587e-6 -1 0 5.20621e-6 -1 0 -5.17235e-6 1 0 0.3826881 0.9238777 0 0.3826786 0.9238815 0 5.09497e-6 1 0 -0.3826881 -0.9238777 0 -0.3826786 -0.9238816 0 0.7071105 0.7071031 0 0.7071032 0.7071104 0 -0.7071105 -0.707103 0 -0.7071033 -0.7071104 0 0.9238815 0.3826786 0 0.9238776 0.3826881 0 -0.9238815 -0.3826786 0 -0.9238776 -0.3826881 0 1 -5.03331e-6 0 -1 5.03331e-6 0 -0.7071045 0.7071092 0 -0.3826853 0.9238788 0 -0.3826804 0.9238809 0 -0.6420451 3.26254e-7 -0.7666669 -0.5931673 0.2457038 -0.7666696 -0.5931686 0.2457001 -0.7666698 0.3826804 -0.9238808 0 2.07951e-6 -1 0 -3.32968e-6 -1 0 1.0156e-6 1 0 0.3826815 0.9238803 0 0.3826823 0.9238801 0 -2.05533e-6 1 0 -0.3826815 -0.9238803 0 -0.3826866 -0.9238783 0 0.7071053 0.7071083 0 0.7071075 0.7071061 0 -0.7071053 -0.7071083 0 -0.7071092 -0.7071045 0 0.9238789 0.3826851 0 0.9238809 0.3826802 0 -0.9238789 -0.3826851 0 -0.9238809 -0.3826802 0 1 1.85221e-6 0 1 -3.40223e-6 0 -1 -1.85221e-6 0 -1 3.40223e-6 0 0.9238805 -0.3826814 0 0.9238783 -0.3826864 0 -0.9238805 0.3826814 0 -0.9238783 0.3826864 0 0.7071082 -0.7071053 0 0.7071045 -0.7071092 0 -0.7071082 0.7071053 0 0.3826853 -0.9238788 0 0.7071062 0.7071075 0 0.9238802 0.382682 0 0.923879 0.3826848 0 0.5931711 -0.2456989 -0.7666683 0.4539932 -0.4539936 -0.7666682 0.453993 -0.4539937 -0.7666682 -0.4539929 0.4539936 -0.7666683 -0.453993 0.4539937 -0.7666682 0.2456996 -0.5931708 -0.7666683 0.2456996 -0.5931708 -0.7666683 -0.2456996 0.5931708 -0.7666683 -0.2456996 0.5931708 -0.7666683 0 -0.6420437 -0.7666682 0 -0.6420437 -0.7666682 0.2456996 0.5931708 -0.7666683 0 0.6420437 -0.7666682 0.2456996 0.5931708 -0.7666683 0 0.6420437 -0.7666682 -0.2456996 -0.5931708 -0.7666683 -0.2456996 -0.5931708 -0.7666683 0.4539929 0.4539936 -0.7666683 0.453993 0.4539937 -0.7666682 -0.4539931 -0.4539936 -0.7666682 -0.453993 -0.4539937 -0.7666682 0.593171 0.2456992 -0.7666682 0.5931711 0.2456991 -0.7666683 -0.5931711 -0.2456989 -0.7666682 -0.5931711 -0.2456988 -0.7666683 0.6420437 0 -0.7666682 0.6420436 0 -0.7666682 -0.6420453 4.51917e-6 -0.7666667 0.5931711 -0.2456988 -0.7666683 -0.0609318 0.02523869 0.9978229 -0.04663467 0.04663497 0.9978228 -0.04663491 0.04663497 0.9978228 -0.7071062 -0.7071075 0 -0.9238803 -0.3826816 0 -0.9238791 -0.3826845 0 1 -1.12199e-6 0 1 1.85708e-6 0 -1 1.55482e-6 0 -1 -1.50888e-6 0 0.923879 -0.3826848 0 0.9238802 -0.382682 0 -0.923879 0.3826848 0 -0.9238802 0.382682 0 0.7071056 -0.7071081 0 0.7071078 -0.7071059 0 -0.7071056 0.7071081 0 -0.7071078 0.7071059 0 0.3826822 -0.9238802 0 0.382685 -0.923879 0 -0.3826822 0.9238802 0 -0.382685 0.923879 0 -1.48107e-6 -1 0 1.50041e-6 -1 0 -1.48107e-6 1 0 0.3826841 0.9238793 0 0.3826816 0.9238803 0 1.50041e-6 1 0 -0.3826841 -0.9238793 0 -0.3826816 -0.9238803 0 0.7071082 0.7071054 0 -0.7071082 -0.7071054 0 0.04663461 -0.04663485 0.9978229 0.02523863 -0.06093138 0.9978228 0.02523893 -0.06093138 0.9978228 -0.02523869 0.06093144 0.9978228 -0.02523893 0.06093138 0.9978228 0 -0.0659517 0.9978229 0 -0.0659517 0.9978229 0 0.0659517 0.9978229 0.02523863 0.06093138 0.9978228 0.02523893 0.06093138 0.9978228 0 0.0659517 0.9978229 -0.02523869 -0.06093144 0.9978228 -0.02523893 -0.06093138 0.9978228 0.04663485 0.04663485 0.9978229 0.04663485 0.04663491 0.9978229 -0.04663467 -0.04663491 0.9978229 -0.04663443 -0.04663491 0.9978229 0.06093162 0.02523857 0.9978228 0.0609318 0.02523857 0.9978228 -0.06093126 -0.02523857 0.9978228 -0.06093108 -0.02523857 0.9978228 0.06595146 0 0.9978229 0.06595146 0 0.9978229 -0.06595146 0 0.9978229 -0.06595146 0 0.9978229 0.06093126 -0.02523857 0.9978228 0.06093108 -0.02523857 0.9978228 -0.06093132 0.02523869 0.9978228 0.04663443 -0.04663485 0.9978229 -0.5505756 -0.5505738 -0.6274831 -0.3797137 -0.9167147 -0.1243044 -0.7016224 -0.7016207 -0.1243159 -0.2262894 0.5463074 0.8064376 0 0 1 0 0 1 0.5505786 0.5505714 -0.6274826 0.9167147 0.379715 -0.1243016 0.7193576 0.2979708 -0.6274856 -0.9167153 -0.3797158 -0.1242948 -0.7193598 -0.2979699 -0.6274836 0.7786304 0 -0.6274829 0.992242 0 -0.1243211 -0.7786304 0 -0.6274829 -0.992242 0 -0.124321 0.9167152 -0.3797141 -0.1243 0.7193598 -0.2979701 -0.6274835 -0.9167147 0.3797149 -0.1243017 -0.7193574 0.2979704 -0.627486 0.5505752 -0.5505733 -0.6274839 0.7016223 -0.7016208 -0.1243164 -0.5505789 0.5505719 -0.6274819 -0.7016231 0.7016205 -0.1243129 0.3797175 -0.9167141 -0.124298 0.2979694 -0.719361 -0.6274822 -0.3797157 0.9167147 -0.1242992 -0.2979655 0.719362 -0.627483 0 -0.7786297 -0.6274838 0 -0.9922436 -0.1243094 0 0.7786297 -0.6274837 0.3797106 0.9167168 -0.1242992 0.297966 0.7193626 -0.6274822 -6.82534e-7 0.9922428 -0.1243155 -0.297969 -0.7193605 -0.6274831 0.7016234 0.7016212 -0.1243076 0.9238815 -0.3826789 1.66884e-7 0.7448056 -3.20074e-5 0.6672815 0.6882978 -0.2851403 0.6670391 0.2262911 -0.5463143 0.8064324 3.49062e-7 0 1 3.55817e-7 -0.5913207 0.8064365 0 0.5913264 0.8064324 0 0 1 0.2262848 0.5463095 0.8064373 0 0 1 2.61021e-6 0 1 -0.2262843 -0.5463063 0.8064397 0 0 1 0.4181199 0.4181222 0.8064427 -1.63769e-6 0 1 -0.4181221 -0.4181198 0.8064428 0.5463168 0.2262897 0.8064311 -0.5463187 -0.2262915 0.8064292 0 0 1 0.5913087 0 0.8064454 0 0 1 -0.5913165 0 0.8064396 0.5463166 -0.2262895 0.8064312 -0.546309 0.2262865 0.8064373 1.63769e-6 0 1 0.4181209 -0.4181205 0.8064429 -0.4181176 0.4181206 0.8064447 -2.71465e-6 0 1 -0.9238777 0.3826881 0 -0.5267456 0.526876 0.6670389 -0.7071031 0.7071105 0 0.7071101 -0.7071036 0 0.5267859 -0.5268357 0.6670389 -0.285188 0.6882783 0.6670389 -0.3826787 0.9238815 0 0.3826875 -0.9238778 1.52478e-7 0.285075 -0.6883249 0.6670392 2.84452e-5 0.7450229 0.6670389 4.88435e-6 1 0 -0.3826785 -0.9238817 0 -3.55646e-5 -0.7450229 0.6670389 -0.2850344 -0.688342 0.6670389 4.88435e-6 -1 0 0.285134 0.6883004 0.6670391 0.3826876 0.9238778 1.52478e-7 -0.707103 -0.7071107 0 -0.5268813 -0.5267403 0.6670389 0.5267766 0.5268448 0.667039 0.7071101 0.7071034 0 -0.9238778 -0.382688 0 -0.6882812 -0.2851809 0.6670389 0.6883223 0.2850815 0.6670391 0.9238815 0.3826789 2.10276e-7 -1 0 0 -0.7453855 3.20001e-5 0.6666337 1 -1.25739e-7 1.84421e-7 -0.6883202 0.2850866 0.667039 0.7071099 -0.7071036 0 0.3826878 -0.9238778 0 -0.9238813 0.3826792 0 -0.7071099 0.7071036 0 0.9238813 -0.3826792 0 -1 -4.81204e-6 0 1 4.81204e-6 0 -0.9238778 -0.3826878 0 0.9238778 0.3826878 0 -0.7071035 -0.7071101 0 0.7071068 0.7071068 0 -0.3826792 -0.9238814 0 4.71532e-6 -1 0 -0.3826878 0.9238778 0 0 1 0 0.3826878 0.9238778 0 0.3826832 0.9238797 0 0.7071035 0.7071102 0 0.7071104 0.7071033 0 -5.19868e-6 -1 0 -0.3826784 -0.9238817 0 -0.3826878 -0.9238777 0 -5.20352e-6 1 0 -0.3826832 0.9238797 0 5.07779e-6 1 -1.28142e-7 0.3826835 0.9238796 0 0.3826785 -0.9238816 0 5.08262e-6 -1 -1.28142e-7 -0.707103 0.7071107 0 -0.382683 0.9238798 0 0.7071033 -0.7071103 0 0.3826881 -0.9238776 0 -0.9238777 0.3826881 0 -0.7071107 0.707103 0 0.9238777 -0.3826881 0 0.7071105 -0.707103 0 -1 5.07295e-6 0 -0.9238817 0.3826782 0 1 -5.07295e-6 0 0.9238816 -0.3826786 0 -0.9238816 -0.3826785 0 -1 -5.17451e-6 0 0.9238814 0.3826789 0 1 5.17451e-6 0 -0.7071106 -0.707103 0 -0.9238777 -0.3826879 0 0.9238778 0.382688 0 -0.7071033 -0.7071103 0 -0.8515556 0.5242643 -8.55394e-6 -0.5131466 0.3159072 0.7980497 -0.2314451 0.972848 -4.03931e-6 -0.3159157 -0.5131274 -0.7980586 -0.5242513 -0.8515638 6.58487e-6 -0.5862123 -0.1394653 -0.798063 0.5131475 -0.315903 -0.7980507 0.8515613 -0.5242553 3.47815e-6 0.2314472 -0.9728475 -2.99288e-6 0.5862085 0.1394619 -0.7980666 0.9728478 0.231446 -1.62988e-5 -0.9728476 -0.2314471 -6.75413e-6 -0.1394701 0.5862268 -0.7980515 0.3158921 0.5131226 -0.798071 0.139471 -0.586219 -0.7980572 0.5242448 0.8515677 -1.3635e-5 -0.5131303 0.315903 -0.7980619 -0.6665929 -0.1578159 -0.7285246 -0.666312 -0.1589836 -0.7285277 -0.5845186 0.3594624 -0.7274096 -0.5840592 0.3602108 -0.7274085 -0.1589484 0.6680717 -0.726922 -0.3589482 -0.5820835 -0.7296129 -0.3582437 -0.5825147 -0.7296152 0.5862317 0.1394678 0.7980484 -0.3158873 -0.5131404 0.7980616 -0.5862246 -0.1394651 0.798054 0.5131407 -0.3159063 0.7980538 -0.1394651 0.5862376 0.7980446 0.3159208 0.5131286 0.7980559 0.1394662 -0.5862296 0.7980502 -0.1589205 0.6680787 -0.7269217 0.3593311 0.5846676 -0.7273548 0.1581898 -0.6648421 -0.7300419 0.158161 -0.6648483 -0.7300423 0.3600386 0.5842297 -0.7273568 0.6663239 0.1592909 -0.7284497 0.6665973 0.1581234 -0.7284539 0.5826794 -0.3580859 -0.729561 0.5822241 -0.3588213 -0.7295632 -0.8515546 0.524266 2.70977e-6 -0.5131352 0.3159028 0.7980587 -0.2314376 0.9728499 2.52015e-6 -0.3159056 -0.5131382 -0.7980557 -0.5242457 -0.8515672 1.08113e-5 -0.5862401 -0.1394655 -0.7980427 0.5131627 -0.3159072 -0.7980393 0.8515622 -0.5242537 1.77345e-5 0.2314462 -0.9728477 5.54087e-6 0.5862304 0.1394613 -0.7980504 0.9728485 0.2314428 8.39207e-6 -0.9728485 -0.2314431 2.21833e-5 -0.1394583 0.5862379 -0.7980454 0.3158832 0.5131332 -0.7980677 0.1394701 -0.5862294 -0.7980496 0.5242328 0.851575 -5.51824e-6 -0.5131366 0.3159078 -0.798056 0.5862113 0.1394654 0.7980638 -0.3158867 -0.513131 0.7980679 -0.5862047 -0.1394625 0.7980691 0.5131312 -0.3159019 0.7980617 -0.1394658 0.5862272 0.7980521 0.3159081 0.5131208 0.7980659 0.1394656 -0.5862193 0.7980579 0.524241 0.85157 0 0.5242527 0.8515629 0 0.9728501 0.2314363 0 0.9728468 0.2314499 0 0.8515589 -0.524259 0 -0.8515641 0.5242508 0 -0.8515558 0.5242639 0 -0.2314386 0.9728496 0 -0.5242416 -0.8515697 0 -0.5242545 -0.8515618 0 -0.97285 -0.2314369 0 0.8515665 -0.5242466 0 0.2314426 -0.9728487 0 -0.2314534 0.972846 0 0.2314565 -0.9728453 0 -0.9728464 -0.2314517 0 -6.14329e-7 0 1 -3.07169e-7 0 1 -1.22866e-6 0 1 -1.22865e-6 0 1 6.1433e-7 0 1 0 0 1 0.972849 0.2314407 0 0.5242516 0.8515635 0 0.5242401 0.8515706 0 -0.2314388 0.9728496 0 -0.8515579 0.5242608 0 -0.851565 0.5242491 0 -0.972849 -0.2314407 0 -0.5242536 -0.8515623 0 -0.5242417 -0.8515695 0 -0.231452 0.9728463 0 0.2314397 -0.9728493 0 0.2314532 -0.9728461 0 0.8515601 -0.5242571 0 0.8515672 -0.5242456 0 -0.9728459 -0.231454 0 0.9728459 0.231454 0 0.4770234 -0.07841807 0.8753853 8.23774e-6 -0.5947811 0.8038877 2.37972e-5 0.3302634 0.9438889 0.04081326 -0.7194245 0.6933706 -0.5308346 -0.6326244 0.5639158 -0.3827518 -0.4552555 0.8038929 -0.2241244 -0.9701576 0.09253454 -0.1284024 -0.9686538 -0.2126563 -0.6273357 -0.7476302 0.2179429 -0.7952954 -0.5991187 0.09253168 -0.8132866 -0.1434045 0.5639151 -0.6207693 -0.6093065 0.4933469 -0.5242761 -0.8245661 -0.2126632 -0.4519163 -0.8872483 0.09253215 -1.57215e-7 -0.9759619 0.2179414 -0.7210021 -0.6594927 -0.2126628 -0.9611348 -0.1694746 0.2179411 0.4431615 -0.4266211 0.7884178 0.01129376 -0.4829651 0.8755668 0.3252012 0.05731701 0.9439062 -0.306423 -0.3739059 0.8753853 -0.5150703 0.2973744 0.8039098 0.2859371 -0.1651134 0.9439161 -0.6940593 -0.1737526 0.6986357 -0.715192 0.4129163 0.5639155 0.06525605 -0.6116693 0.7884177 -0.4750765 -0.08946293 0.8753849 -0.2034291 0.5589108 0.8038877 0.1128973 -0.3102532 0.9439265 0.2076485 0.6900172 0.6933675 0.7151923 0.412916 0.5639153 0.5153746 0.2968928 0.803893 -0.7281184 0.679177 0.09253227 -0.2824516 0.7760291 0.5639148 -0.7078449 0.5055338 0.4933469 -0.6433659 0.3130304 0.6986361 0.2106396 0.9541524 -0.2126599 0.1212058 0.988305 0.0925337 -0.3337977 0.9171044 0.2179422 0.4239228 0.2316772 0.8755657 0.5909985 -0.170482 0.788452 -0.121206 0.988305 0.09253305 0.2824516 0.7760291 0.563915 -0.2172899 0.8422552 0.493347 -0.4214349 0.2368403 0.8753854 0.2034255 0.5589116 0.803888 -0.1129338 -0.3102116 0.9439358 -0.2916353 0.6533429 0.6986358 -0.2106395 0.9541522 -0.2126613 0.3337979 0.9171043 0.2179421 -0.5909993 -0.1704828 0.7884514 0.5424226 0.8349943 0.09253287 0.374938 0.7848762 0.4933468 -0.1705989 0.4523236 0.8753853 -0.2861016 -0.1651527 0.9438594 0.4519601 0.8663183 -0.2126613 0.8452069 0.4879826 0.2179409 -0.5623163 0.2492907 0.7884507 0.9522436 0.2909806 0.09253358 0.8132866 -0.1434044 0.5639151 0.7917275 0.360245 0.493347 0.1600615 0.4561596 0.8753849 0.5857456 -0.1032807 0.8038877 -0.3253009 0.05738323 0.9438679 0.592775 0.4006563 0.6986362 -0.2705251 0.5524616 0.7884177 0.9164991 -0.3891878 0.09253311 0.5308347 -0.6326248 0.5639154 0.8380595 -0.2329487 0.493347 0.4158298 0.2465529 0.8753842 0.3823261 -0.4556227 0.8038873 -0.2122858 0.2530326 0.9438799 0.7116289 -0.07410758 0.6986362 0.1284026 -0.9686539 -0.2126562 0.2241243 -0.9701576 0.09253472 0.6273356 -0.7476301 0.2179433 -0.3191187 -0.3626956 0.8755656 -0.6137068 -0.04195511 0.7884187 0.4519158 -0.8872485 0.09253334 0 -0.825833 0.5639148 0.492254 -0.7171438 0.4933465 0.4974853 -0.5141575 0.6986777 -0.4775961 -0.07271534 0.8755652 -0.4970958 0.3623436 0.7884181 -0.08388215 -0.8657786 0.4933469 0.3150152 -0.366696 0.8753854 0.2122896 0.2529611 0.9438982 0.7210022 -0.6594923 -0.2126634 0.7952955 -0.5991187 0.09253144 0.9611349 -0.1694745 0.2179409 0.6136667 -0.04193311 0.7884509 -0.585745 -0.103284 0.8038876 -0.4199938 -0.5792349 0.698636 -0.9943375 0.05225485 0.09253311 -0.8671915 -0.06773293 0.4933469 -0.9762338 -0.04174774 -0.2126612 -0.845207 0.4879824 0.2179409 0.7281188 0.6791766 0.09253233 0.7078449 0.5055339 0.4933469 0.9943375 0.05225503 0.09253299 0.8671915 -0.0677331 0.4933469 0.6207695 -0.6093064 0.4933468 0.08388227 -0.8657787 0.493347 -0.4922541 -0.7171435 0.4933468 -0.9164993 -0.3891876 0.09253227 -0.8380595 -0.2329484 0.4933471 -0.9522437 0.2909806 0.09253346 -0.7917275 0.3602451 0.4933469 -0.5424226 0.8349943 0.09253287 -0.3749377 0.7848762 0.4933469 0.2172898 0.8422553 0.493347 0.4736676 -0.09498763 0.8755663 0.6425721 0.3143166 0.6987891 0.3017926 -0.377232 0.8755668 0.6942782 -0.172257 0.6987884 -0.01129192 -0.4829649 0.875567 0.4211226 -0.5782299 0.698789 -0.04907917 -0.7136425 0.6987888 -0.4963183 -0.5151336 0.6987887 -0.4126156 0.2512624 0.8755659 -0.711323 -0.07558774 0.698789 -0.1545712 0.4577018 0.8755666 -0.5934921 0.3993259 0.6987889 0.175795 0.4499763 0.875567 -0.1979594 0.6873908 0.698789 0.2902005 0.6538182 0.6987886 0.5242756 -0.8245671 -0.2126605 -0.4519602 0.8663184 -0.212661 0.9762338 -0.04174637 -0.2126613 0.9316383 -0.2946619 -0.2126609 0.7746744 0.595529 -0.2126615 -0.9030809 0.3731231 -0.2126595 -0.7746745 0.5955288 -0.2126619 0.9030809 0.3731231 -0.2126595 -0.931638 -0.2946618 -0.2126626 -0.443159 -0.4266212 0.7884191 0.4970947 0.3623445 0.7884184 0.5623167 0.2492899 0.7884507 -0.06526952 -0.6116251 0.7884507 0.1478919 0.5970966 0.7884185 0.3431861 -0.5105086 0.788419 0.2705237 0.5524622 0.7884178 -0.3431859 -0.5105082 0.7884194 -0.1478924 0.5970969 0.7884182 0 0.9682836 -0.2498538 0 0.9963025 0.08591556 0.6404116 0.7632114 0.08591562 0.6224017 0.7417476 -0.2498535 0 0.06933224 0.9975937 0.04456609 0.05311149 0.9975937 0.3830478 0.4564987 0.8030464 -1.31719e-7 0.5959169 0.8030462 -0.2646033 -0.3153425 0.911342 0.9811666 0.1730054 0.08591455 0.953573 0.1681393 -0.2498556 0.06827843 0.01203936 0.9975937 0.5868636 0.1034798 0.8030462 -0.4053987 -0.07148218 0.911341 0.8628235 -0.4981511 0.08591336 0.8385577 -0.484141 -0.2498573 0.06004202 -0.03466618 0.9975937 0.5160788 -0.2979584 0.8030464 -0.3565039 0.2058249 0.9113403 0.3407568 -0.9362176 0.08591514 0.3311746 -0.909888 -0.2498547 0.02371269 -0.06515091 0.9975937 0.2038153 -0.5599786 0.8030464 -0.1407936 0.3868248 0.9113417 -0.3407568 -0.9362176 0.0859149 -0.3311746 -0.909888 -0.2498546 -0.02371281 -0.06515085 0.9975937 -0.2038156 -0.5599786 0.8030462 0.1407938 0.3868251 0.9113417 -0.8628235 -0.4981511 0.08591341 -0.8385577 -0.484141 -0.2498572 -0.06004339 -0.03466612 0.9975937 -0.5160788 -0.2979583 0.8030464 0.3564999 0.2058251 0.9113419 -0.9811667 0.1730054 0.08591431 -0.953573 0.1681393 -0.2498555 -0.06827807 0.01203936 0.9975937 -0.5868632 0.1034798 0.8030464 0.4053987 -0.07148218 0.911341 -0.6404117 0.7632114 0.08591556 -0.6224018 0.7417475 -0.2498534 -0.04456591 0.05311155 0.9975937 -0.3830476 0.4564988 0.8030464 0.2646033 -0.3153425 0.911342 0 -0.41165 0.911342 0 0.8259086 0.5638043 0.5308843 0.6326828 0.5638036 0.8133617 0.1434178 0.5638034 0.7152582 -0.4129545 0.5638035 0.2824777 -0.7761003 0.5638038 -0.2824778 -0.7761003 0.5638037 -0.7152581 -0.4129545 0.5638036 -0.8133615 0.1434178 0.5638035 -0.5308844 0.6326827 0.5638036</float_array>
          <technique_common>
            <accessor source="#hele_struct-mesh-normals-array" count="601" stride="3">
              <param name="X" type="float"/>
              <param name="Y" type="float"/>
              <param name="Z" type="float"/>
            </accessor>
          </technique_common>
        </source>
        <source id="hele_struct-mesh-map-0">
          <float_array id="hele_struct-mesh-map-0-array" count="4968">0.4950572 0.4434003 0.365882 0.4577714 0.3725724 0.3777663 0.3629143 0.4577551 0.2441567 0.4699485 0.2440829 0.4376012 0.4952224 0.4427841 0.3657435 0.4577602 0.372362 0.3775276 0.3725724 0.3777663 0.2501049 0.4367594 0.2493235 0.3569533 0.372362 0.3775276 0.2496597 0.4372004 0.2487834 0.3572103 0.2493235 0.3569533 0.1342169 0.4580523 0.1266803 0.3810999 0.2487834 0.3572103 0.1334992 0.458885 0.1258653 0.38203 0.1266803 0.3810999 0.01672083 0.5243021 0.006173908 0.4461573 0.4945557 0.4352943 0.3573341 0.4550521 0.3635519 0.3711528 0.1258653 0.38203 0.01671975 0.5258234 0.006008684 0.4480999 0.4949198 0.4401825 0.3629143 0.4577551 0.3693525 0.3758148 0.3635519 0.3711528 0.2375955 0.436714 0.2361714 0.3571007 0.3693525 0.3758148 0.2440829 0.4376012 0.2430623 0.3571899 0.2361714 0.3571007 0.126106 0.4607556 0.1181643 0.38791 0.2430623 0.3571899 0.1291474 0.4605292 0.1214777 0.3853886 0.1181643 0.38791 0.01743781 0.5265936 0.006675422 0.4542964 0.1214777 0.3853886 0.01691997 0.5255087 0.006311297 0.4508268 0.6808237 0.656915 0.5997195 0.7693274 0.5997195 0.656915 0.126106 0.4607556 0.2377458 0.4676402 0.1289895 0.4890585 0.1291474 0.4605292 0.2441567 0.4699485 0.1319509 0.4897357 0.01743781 0.5265936 0.1289895 0.4890585 0.0249046 0.5543109 0.01691997 0.5255087 0.1319509 0.4897357 0.02442604 0.5542218 0.4833584 0.526023 0.3630253 0.4879224 0.365882 0.4577714 0.4835858 0.5256629 0.3629129 0.4879983 0.3657435 0.4577602 0.365882 0.4577714 0.2501108 0.4677816 0.2501049 0.4367594 0.3657435 0.4577602 0.249697 0.4683018 0.2496597 0.4372004 0.1342169 0.4580523 0.2501108 0.4677816 0.1371203 0.4891011 0.1334992 0.458885 0.249697 0.4683018 0.1364225 0.4900994 0.01672083 0.5243021 0.1371203 0.4891011 0.02441763 0.5544584 0.4831029 0.5237013 0.3544445 0.4878767 0.3573341 0.4550521 0.01671975 0.5258234 0.1364225 0.4900994 0.02400022 0.5542014 0.4834137 0.5249626 0.3600873 0.4886781 0.3629143 0.4577551 0.3573341 0.4550521 0.2377458 0.4676402 0.2375955 0.436714 0.475854 0.3668275 0.3544338 0.4254038 0.3546867 0.3668273 0.5997195 0.656915 0.5186153 0.7693273 0.5186151 0.656915 0.8430323 0.6569148 0.7619279 0.7693272 0.7619279 0.6569148 0.5997195 0.656915 0.5186153 0.7693274 0.5186153 0.656915 0.8430323 0.6569149 0.761928 0.7693274 0.761928 0.656915 0.7619279 0.6569148 0.6808238 0.7693272 0.6808237 0.656915 0.761928 0.656915 0.6808237 0.7693274 0.6808238 0.6569151 0.6808237 0.656915 0.5997195 0.7693272 0.5997195 0.656915 0.6808238 0.6569151 0.5997195 0.7693273 0.5997195 0.656915 0.5997195 0.656915 0.5186151 0.7693273 0.5186151 0.656915 0.5997195 0.656915 0.5186153 0.7693273 0.5186153 0.6569151 0.8430321 0.6569148 0.7619279 0.7693272 0.7619279 0.6569148 0.8430323 0.656915 0.7619279 0.7693273 0.7619279 0.656915 0.7619279 0.6569148 0.6808238 0.7693272 0.6808237 0.656915 0.7619279 0.656915 0.6808237 0.7693273 0.6808237 0.656915 0.6808237 0.656915 0.5997195 0.7693272 0.5997195 0.656915 0.245736 0.4251682 0.1331273 0.4684937 0.1326075 0.4271634 0.3587162 0.3695604 0.2449432 0.4257723 0.2448653 0.3693714 0.3546867 0.3668273 0.2400804 0.4235446 0.240075 0.367447 0.1314118 0.3717746 0.2449432 0.4257723 0.1315212 0.4275808 0.1288574 0.3696441 0.2400804 0.4235446 0.1289362 0.4242938 0.1314118 0.3717746 0.00956726 0.4285602 0.01491707 0.3699414 0.3590122 0.3684266 0.4810165 0.4293547 0.3588944 0.4257339 0.1288574 0.3696441 0.009674012 0.4250159 0.01492601 0.3676939 0.3590122 0.3684267 0.4810166 0.4293547 0.3588945 0.4257341 0.3590122 0.3684266 0.245736 0.4251682 0.2455656 0.3690028 0.3590122 0.3684267 0.245736 0.4251685 0.2455657 0.3690028 0.1325922 0.3720749 0.245736 0.4251682 0.1326075 0.4271634 0.1325923 0.372075 0.245736 0.4251685 0.1326076 0.4271633 0.1325922 0.3720749 0.009597539 0.4295049 0.01514464 0.367784 0.1325923 0.372075 0.009597539 0.4295051 0.0151447 0.367784 0.3587162 0.3695604 0.4810467 0.4315281 0.358501 0.4270707 0.3542249 0.4675325 0.2399395 0.514481 0.2402135 0.4646186 0.245736 0.4251685 0.1331273 0.4684939 0.1326076 0.4271633 0.1326075 0.4271634 0.009897887 0.4755068 0.009597539 0.4295049 0.1326076 0.4271633 0.009897887 0.475507 0.009597539 0.4295051 0.4810467 0.4315281 0.3584154 0.4684566 0.358501 0.4270707 0.4809401 0.4306261 0.3542249 0.4675325 0.3544338 0.4254038 0.358501 0.4270707 0.2452438 0.4670946 0.2449432 0.4257723 0.3544338 0.4254038 0.2402135 0.4646186 0.2400804 0.4235446 0.2449432 0.4257723 0.131997 0.4687877 0.1315212 0.4275808 0.2400804 0.4235446 0.1293682 0.4646066 0.1289362 0.4242938 0.1315212 0.4275808 0.009690165 0.4742314 0.00956726 0.4285602 0.4810165 0.4293547 0.3588781 0.466975 0.3588944 0.4257339 0.1289362 0.4242938 0.009777367 0.4696756 0.009674012 0.4250159 0.4810166 0.4293547 0.3588781 0.4669753 0.3588945 0.4257341 0.3588944 0.4257339 0.2460979 0.466352 0.245736 0.4251682 0.3588945 0.4257341 0.2460979 0.4663522 0.245736 0.4251685 0.2452438 0.4670946 0.132485 0.5222641 0.131997 0.4687877 0.2402135 0.4646186 0.1298253 0.5168161 0.1293682 0.4646066 0.009690165 0.4742314 0.132485 0.5222641 0.01602244 0.5314159 0.4802858 0.4751569 0.3583403 0.5185874 0.3588781 0.466975 0.009777367 0.4696756 0.1298253 0.5168161 0.01595067 0.5255992 0.4802859 0.4751569 0.3583404 0.5185875 0.3588781 0.4669753 0.2460979 0.466352 0.3583403 0.5185874 0.2462224 0.5186223 0.2460979 0.4663522 0.3583404 0.5185875 0.2462224 0.5186225 0.2460979 0.466352 0.1337246 0.5221057 0.1331273 0.4684937 0.2460979 0.4663522 0.1337246 0.5221057 0.1331273 0.4684939 0.009897887 0.4755068 0.1337246 0.5221057 0.0164932 0.5330033 0.009897887 0.475507 0.1337246 0.5221057 0.01649326 0.5330035 0.4802361 0.4774864 0.3577888 0.5202448 0.3584154 0.4684566 0.4801209 0.4780731 0.3533109 0.5227549 0.3542249 0.4675325 0.2452438 0.4670946 0.3577888 0.5202448 0.2452841 0.5195236 0.2544649 0.395641 0.152916 0.3687661 0.2543304 0.3726888 0.3573357 0.3520545 0.2567058 0.2973071 0.3562916 0.2937548 0.2558246 0.3971424 0.3574426 0.3630745 0.3582152 0.3866137 0.2544649 0.395641 0.3556222 0.3640832 0.3564085 0.3890901 0.459804 0.3692529 0.3574426 0.3630745 0.4602513 0.3455224 0.4600448 0.3689409 0.3556222 0.3640832 0.460385 0.3446304 0.05129051 0.3700596 0.1531249 0.3639094 0.1523594 0.3870782 0.05150347 0.3715323 0.1550058 0.3641504 0.1542153 0.3888513 0.2536316 0.3969671 0.1531249 0.3639094 0.25384 0.371297 0.2557451 0.3970566 0.1550058 0.3641504 0.2559149 0.3728144 0.2536316 0.3969671 0.3566055 0.3708235 0.357048 0.3949099 0.2557451 0.3970566 0.3577243 0.3716853 0.3580898 0.3953655 0.4632859 0.382009 0.3566055 0.3708235 0.4640929 0.3571946 0.04859972 0.3772951 0.1531231 0.3686349 0.1525599 0.3923374 0.4631586 0.3849625 0.3577243 0.3716853 0.4640729 0.3580788 0.04841667 0.3797801 0.152916 0.3687661 0.1524536 0.3938519 0.2558246 0.3971424 0.1531231 0.3686349 0.2556602 0.3713839 0.1576825 0.2906098 0.06872904 0.05120819 0.1629123 0.06429505 0.3562016 0.3510249 0.454401 0.2765945 0.4625924 0.3359894 0.0497443 0.3299984 0.1552659 0.2940594 0.1536498 0.3490275 0.4625732 0.3371303 0.3562916 0.2937548 0.4551804 0.2824737 0.04925173 0.3347802 0.1546022 0.2948003 0.1532926 0.3495821 0.1536498 0.3490275 0.255218 0.2925106 0.2555789 0.351665 0.1532926 0.3495821 0.2538829 0.2940534 0.254176 0.3530666 0.3568929 0.3439797 0.255218 0.2925106 0.3549871 0.2892468 0.3549853 0.3446061 0.2538829 0.2940534 0.3530029 0.2900235 0.3568929 0.3439797 0.4508883 0.2737473 0.4585932 0.3258292 0.3549853 0.3446061 0.4502394 0.2714588 0.4585855 0.324539 0.1537123 0.3449776 0.06061238 0.2730106 0.1557747 0.2911146 0.05287265 0.3253182 0.1576825 0.2906098 0.1555923 0.3450571 0.1537123 0.3449776 0.2547016 0.2952498 0.2539472 0.3516153 0.1555923 0.3450571 0.2567058 0.2973071 0.2560201 0.3532122 0.3562016 0.3510249 0.2547016 0.2952498 0.3552818 0.293453 0.1557747 0.2911146 0.2556802 0.06769031 0.2547016 0.2952498 0.2567058 0.2973071 0.1629123 0.06429505 0.2556441 0.06769865 0.2547016 0.2952498 0.3504644 0.06207907 0.3552818 0.293453 0.3562916 0.2937548 0.2556441 0.06769865 0.3507055 0.06181859 0.3552818 0.293453 0.4462727 0.04996913 0.454401 0.2765945 0.1552659 0.2940594 0.06490266 0.0511114 0.1597129 0.06114459 0.4551804 0.2824737 0.3507055 0.06181859 0.4489353 0.05120837 0.0567913 0.2812263 0.1599833 0.06176018 0.1546022 0.2948003 0.255218 0.2925106 0.1597129 0.06114459 0.2558428 0.06381678 0.1546022 0.2948003 0.25513 0.06529825 0.2538829 0.2940534 0.3549871 0.2892468 0.2558428 0.06381678 0.3503459 0.06126761 0.2538829 0.2940534 0.3497531 0.06245172 0.3530029 0.2900235 0.4508883 0.2737473 0.3503459 0.06126761 0.4449104 0.05111122 0.3530029 0.2900235 0.4425657 0.05191743 0.4502394 0.2714588 0.06061238 0.2730106 0.1627823 0.0625984 0.1557747 0.2911146 0.7581236 0.01459014 0.6419627 0.5629529 0.6419626 0.01459014 0.8742844 0.01458996 0.7581236 0.5629529 0.7581236 0.01458996 0.8742845 0.01459014 0.7581236 0.5629529 0.7581236 0.01459014 0.9904454 0.01458996 0.8742845 0.5629529 0.8742844 0.01458996 0.9904454 0.01459014 0.8742845 0.5629529 0.8742845 0.01459014 0.8742845 0.01459002 0.9904454 0.5629526 0.9904454 0.01459002 0.8742844 0.01459026 0.9904454 0.5629526 0.9904454 0.01459002 0.7581235 0.01458996 0.8742845 0.5629528 0.8742845 0.01459002 0.7581235 0.01459026 0.8742844 0.5629528 0.8742844 0.01459026 0.6419626 0.01458996 0.7581235 0.5629528 0.7581235 0.01458996 0.7581235 0.01459026 0.6419625 0.5629528 0.7581235 0.5629528 0.5258016 0.01459026 0.6419625 0.5629528 0.6419626 0.01458996 0.6419626 0.01459002 0.5258017 0.5629528 0.5258017 0.01459014 0.6419626 0.01459026 0.5258016 0.5629529 0.6419625 0.5629528 0.6419626 0.01459014 0.5258017 0.5629528 0.5258017 0.01459014 0.7581236 0.01458996 0.6419627 0.5629529 0.6419626 0.01459002 0.1489472 0.5786516 0.2558246 0.3971424 0.2563613 0.5815121 0.04289621 0.5668125 0.1524536 0.3938519 0.1486116 0.5782312 0.4660502 0.5749071 0.3580898 0.3953655 0.4631586 0.3849625 0.1489472 0.5786516 0.04859972 0.3772951 0.1525599 0.3923374 0.358307 0.5826542 0.4632859 0.382009 0.4667833 0.5747825 0.2531304 0.5809111 0.3580898 0.3953655 0.3591656 0.5814157 0.250716 0.5811873 0.357048 0.3949099 0.358307 0.5826542 0.1480659 0.5717085 0.2557451 0.3970566 0.2531304 0.5809111 0.1457405 0.5691818 0.2536316 0.3969671 0.250716 0.5811873 0.04408776 0.555639 0.1542153 0.3888513 0.1480659 0.5717085 0.04335469 0.5517749 0.1523594 0.3870782 0.1457405 0.5691818 0.3610018 0.5739393 0.4600448 0.3689409 0.4672418 0.55774 0.3628868 0.5714988 0.459804 0.3692529 0.4672555 0.5547268 0.2546122 0.5807064 0.3564085 0.3890901 0.3610018 0.5739393 0.2563613 0.5815121 0.3582152 0.3866137 0.3628868 0.5714988 0.1486116 0.5782312 0.2544649 0.395641 0.2546122 0.5807064 0.25384 0.371297 0.3562016 0.3510249 0.3566055 0.3708235 0.1550058 0.3641504 0.2560201 0.3532122 0.2559149 0.3728144 0.1531249 0.3639094 0.2539472 0.3516153 0.25384 0.371297 0.05109691 0.3452027 0.1555923 0.3450571 0.1550058 0.3641504 0.05089122 0.3441486 0.1537123 0.3449776 0.1531249 0.3639094 0.460385 0.3446304 0.3549853 0.3446061 0.4585855 0.324539 0.4602513 0.3455224 0.3568929 0.3439797 0.4585932 0.3258292 0.2543304 0.3726888 0.3549853 0.3446061 0.3556222 0.3640832 0.3574426 0.3630745 0.2555789 0.351665 0.3568929 0.3439797 0.152916 0.3687661 0.254176 0.3530666 0.2543304 0.3726888 0.1531231 0.3686349 0.2555789 0.351665 0.2556602 0.3713839 0.152916 0.3687661 0.04925173 0.3347802 0.1532926 0.3495821 0.3577243 0.3716853 0.4625732 0.3371303 0.4640729 0.3580788 0.04801625 0.3506562 0.1536498 0.3490275 0.1531231 0.3686349 0.3566055 0.3708235 0.4625924 0.3359894 0.4640929 0.3571946 0.2559149 0.3728144 0.3573357 0.3520545 0.3577243 0.3716853 0.09262824 0.5984196 0.09252572 0.615487 0.03795069 0.5984243 0.2008872 0.5813401 0.2007327 0.5984124 0.1467031 0.5813401 0.2885334 0.5813401 0.288688 0.5984132 0.2447085 0.598412 0.3427268 0.5813401 0.342727 0.5984151 0.288688 0.5984132 0.1467031 0.5813401 0.1467033 0.5984151 0.09262824 0.5984196 0.4489703 0.5813401 0.4515076 0.5984182 0.3969184 0.5813401 0.2447085 0.5813401 0.2447085 0.598412 0.2008872 0.5813401 0.3969184 0.5813401 0.3968154 0.5984166 0.3427268 0.5813401 0.09252506 0.5813401 0.09262824 0.5984196 0.03795069 0.5984243 0.2610092 0.6251314 0.2610092 0.5070263 0.1979806 0.5069335 0.1979806 0.6251314 0.1979806 0.5069335 0.1349487 0.5070531 0.3240386 0.6251314 0.3240386 0.5070379 0.2610092 0.5070263 0.342727 0.5984151 0.3427265 0.615487 0.288688 0.5984132 0.2007327 0.5984124 0.2008875 0.615487 0.1467038 0.615487 0.288688 0.5984132 0.2885332 0.615487 0.2447085 0.598412 0.4515076 0.5984182 0.44897 0.615487 0.3969181 0.615487 0.2447085 0.598412 0.2447085 0.615487 0.2008875 0.615487 0.3968154 0.5984166 0.3969181 0.615487 0.3427265 0.615487 0.1467033 0.5984151 0.1467038 0.615487 0.09262824 0.5984196 0.1349487 0.6251314 0.1349487 0.507052 0.1979806 0.6251314 0.3870705 0.6251314 0.3870705 0.5067139 0.3240386 0.5070379 0.1979806 0.6251314 0.1979806 0.5069324 0.2610092 0.6251314 0.2610092 0.6251314 0.2610092 0.5070255 0.3240386 0.6251314 0.3240386 0.6251314 0.3240386 0.5070375 0.3870705 0.6251314 0.09262824 0.6051279 0.09252572 0.5929359 0.03795069 0.6051245 0.2008872 0.6173286 0.2007327 0.6051331 0.1467031 0.6173286 0.2885334 0.6173286 0.288688 0.6051324 0.2447085 0.6051332 0.3427268 0.6173286 0.342727 0.6051311 0.288688 0.6051324 0.1467031 0.6173286 0.1467033 0.6051311 0.09262824 0.6051279 0.4489703 0.6173286 0.4515076 0.6051289 0.3969184 0.6173286 0.2447085 0.6173286 0.2447085 0.6051332 0.2008872 0.6173286 0.3969184 0.6173286 0.3968154 0.6051301 0.3427268 0.6173286 0.09252506 0.6173286 0.09262824 0.6051279 0.03795069 0.6051245 0.342727 0.6051311 0.3427265 0.5929359 0.288688 0.6051324 0.2007327 0.6051331 0.2008875 0.5929359 0.1467038 0.5929359 0.288688 0.6051324 0.2885332 0.5929359 0.2447085 0.6051332 0.4515076 0.6051289 0.44897 0.5929359 0.3969181 0.5929359 0.2447085 0.6051332 0.2447085 0.5929359 0.2008875 0.5929359 0.3968154 0.6051301 0.3969181 0.5929359 0.3427265 0.5929359 0.1467033 0.6051311 0.1467038 0.5929359 0.09262824 0.6051279 0.4007398 0.616925 0.4007397 0.5579746 0.3495379 0.5579748 0.349538 0.6169253 0.3495379 0.5579748 0.2983358 0.5579752 0.09352803 0.616926 0.09352821 0.5579756 0.04232585 0.5579748 0.1959314 0.6169266 0.1959314 0.5579764 0.1447299 0.5579764 0.2983359 0.6169257 0.2983358 0.5579752 0.2471334 0.5579759 0.4519419 0.6169246 0.4519417 0.5579742 0.4007397 0.5579746 0.2471336 0.6169263 0.2471334 0.5579759 0.1959314 0.5579764 0.1447297 0.6169265 0.1447299 0.5579764 0.09352821 0.5579756 0.09252572 0.615487 0.04048758 0.615487 0.03795069 0.5984243 0.2007327 0.5984124 0.1467033 0.5984151 0.1467031 0.5813401 0.2447085 0.5813401 0.2885334 0.5813401 0.2447085 0.598412 0.2885334 0.5813401 0.3427268 0.5813401 0.288688 0.5984132 0.09252506 0.5813401 0.1467031 0.5813401 0.09262824 0.5984196 0.4515076 0.5984182 0.3968154 0.5984166 0.3969184 0.5813401 0.2447085 0.598412 0.2007327 0.5984124 0.2008872 0.5813401 0.3968154 0.5984166 0.342727 0.5984151 0.3427268 0.5813401 0.04048711 0.5813401 0.09252506 0.5813401 0.03795069 0.5984243 0.1979806 0.6251314 0.2610092 0.6251314 0.1979806 0.5069335 0.1349487 0.6251314 0.1979806 0.6251314 0.1349487 0.5070531 0.2610092 0.6251314 0.3240386 0.6251314 0.2610092 0.5070263 0.3427265 0.615487 0.2885332 0.615487 0.288688 0.5984132 0.1467033 0.5984151 0.2007327 0.5984124 0.1467038 0.615487 0.2885332 0.615487 0.2447085 0.615487 0.2447085 0.598412 0.3968154 0.5984166 0.4515076 0.5984182 0.3969181 0.615487 0.2007327 0.5984124 0.2447085 0.598412 0.2008875 0.615487 0.342727 0.5984151 0.3968154 0.5984166 0.3427265 0.615487 0.1467038 0.615487 0.09252572 0.615487 0.09262824 0.5984196 0.1349487 0.507052 0.1979806 0.5069324 0.1979806 0.6251314 0.3240386 0.6251314 0.3870705 0.6251314 0.3240386 0.5070379 0.1979806 0.5069324 0.2610092 0.5070255 0.2610092 0.6251314 0.2610092 0.5070255 0.3240386 0.5070375 0.3240386 0.6251314 0.3240386 0.5070375 0.3870705 0.5067139 0.3870705 0.6251314 0.09252572 0.5929359 0.04048758 0.5929359 0.03795069 0.6051245 0.2007327 0.6051331 0.1467033 0.6051311 0.1467031 0.6173286 0.2447085 0.6173286 0.2885334 0.6173286 0.2447085 0.6051332 0.2885334 0.6173286 0.3427268 0.6173286 0.288688 0.6051324 0.09252506 0.6173286 0.1467031 0.6173286 0.09262824 0.6051279 0.4515076 0.6051289 0.3968154 0.6051301 0.3969184 0.6173286 0.2447085 0.6051332 0.2007327 0.6051331 0.2008872 0.6173286 0.3968154 0.6051301 0.342727 0.6051311 0.3427268 0.6173286 0.04048711 0.6173286 0.09252506 0.6173286 0.03795069 0.6051245 0.3427265 0.5929359 0.2885332 0.5929359 0.288688 0.6051324 0.1467033 0.6051311 0.2007327 0.6051331 0.1467038 0.5929359 0.2885332 0.5929359 0.2447085 0.5929359 0.2447085 0.6051332 0.3968154 0.6051301 0.4515076 0.6051289 0.3969181 0.5929359 0.2007327 0.6051331 0.2447085 0.6051332 0.2008875 0.5929359 0.342727 0.6051311 0.3968154 0.6051301 0.3427265 0.5929359 0.1467038 0.5929359 0.09252572 0.5929359 0.09262824 0.6051279 0.349538 0.6169253 0.4007398 0.616925 0.3495379 0.5579748 0.2983359 0.6169257 0.349538 0.6169253 0.2983358 0.5579752 0.04232543 0.6169253 0.09352803 0.616926 0.04232585 0.5579748 0.1447297 0.6169265 0.1959314 0.6169266 0.1447299 0.5579764 0.2471336 0.6169263 0.2983359 0.6169257 0.2471334 0.5579759 0.4007398 0.616925 0.4519419 0.6169246 0.4007397 0.5579746 0.1959314 0.6169266 0.2471336 0.6169263 0.1959314 0.5579764 0.09352803 0.616926 0.1447297 0.6169265 0.09352821 0.5579756 0.3134454 0.5782558 0.2684437 0.5927001 0.2822259 0.476835 0.2960086 0.360969 0.3329368 0.4143972 0.2822259 0.476835 0.2242926 0.4492695 0.2510066 0.375414 0.2822259 0.476835 0.2684437 0.5927001 0.2315152 0.5392723 0.2822259 0.476835 0.3329368 0.4143972 0.3401594 0.5044001 0.2822259 0.476835 0.2315152 0.5392723 0.2242926 0.4492695 0.2822259 0.476835 0.3401594 0.5044001 0.3134454 0.5782558 0.2822259 0.476835 0.2510066 0.375414 0.2960086 0.360969 0.2822259 0.476835 0.2442393 0.5103199 0.2762836 0.5103168 0.276284 0.5350782 0.05197793 0.5103163 0.08402144 0.5103243 0.08401989 0.5350853 0.1160643 0.5103313 0.1481072 0.5103363 0.1481068 0.5350973 0.2762836 0.5103168 0.308328 0.5103163 0.3083281 0.5350781 0.1481072 0.5103363 0.1801502 0.5103348 0.1801511 0.535096 0.1801502 0.5103348 0.2121945 0.510328 0.2121959 0.5350898 0.08402144 0.5103243 0.1160643 0.5103313 0.1160632 0.5350923 0.2121945 0.510328 0.2442393 0.5103199 0.2442405 0.5350817 0.2442405 0.5350817 0.2442393 0.5103199 0.276284 0.5350782 0.05197632 0.5350773 0.05197793 0.5103163 0.08401989 0.5350853 0.1160632 0.5350923 0.1160643 0.5103313 0.1481068 0.5350973 0.276284 0.5350782 0.2762836 0.5103168 0.3083281 0.5350781 0.1481068 0.5350973 0.1481072 0.5103363 0.1801511 0.535096 0.1801511 0.535096 0.1801502 0.5103348 0.2121959 0.5350898 0.08401989 0.5350853 0.08402144 0.5103243 0.1160632 0.5350923 0.2121959 0.5350898 0.2121945 0.510328 0.2442405 0.5350817 0.2881009 0.530089 0.3228191 0.4441779 0.3029935 0.5691605 0.1760376 0.4515857 0.213494 0.3361426 0.1954753 0.4707378 0.1968694 0.2429868 0.2003061 0.2253979 0.2201058 0.2296907 0.2173328 0.07501757 0.2339575 0.1681733 0.209115 0.1616449 0.2922719 0.1050883 0.2957086 0.1226772 0.2724723 0.109381 0.2173328 0.07501757 0.2207696 0.05742859 0.2405692 0.06172132 0.1822252 0.4124028 0.1812209 0.3886796 0.1961135 0.4277512 0.4388823 0.5410241 0.4736005 0.4551131 0.4537749 0.5800955 0.4541626 0.4359609 0.491619 0.3205179 0.4736005 0.4551131 0.4398866 0.5647472 0.4388823 0.5410241 0.4537749 0.5800955 0.3476276 0.3738391 0.3823456 0.2879281 0.3625202 0.4129106 0.3754078 0.4125225 0.4128643 0.2970795 0.3948457 0.4316747 0.3837396 0.06017696 0.4003643 0.1533328 0.3755218 0.1468043 0.3629078 0.2687758 0.4003643 0.1533328 0.3823456 0.2879281 0.3065736 0.2097731 0.3100103 0.227362 0.2867739 0.2140658 0.3461223 0.541024 0.345118 0.5647472 0.3312298 0.5800957 0.2376458 0.2515828 0.2542705 0.3447385 0.2294279 0.33821 0.2015337 0.5652448 0.2362518 0.4793338 0.2164263 0.6043164 0.216814 0.4601816 0.2542705 0.3447385 0.2362518 0.4793338 0.2376458 0.2515828 0.2410824 0.2339938 0.2608821 0.2382863 0.202538 0.5889679 0.2015337 0.5652448 0.2164263 0.6043164 0.3962397 0.2039237 0.4128643 0.2970795 0.3880218 0.290551 0.3601276 0.5175858 0.3948457 0.4316747 0.3750202 0.5566572 0.3962397 0.2039237 0.3996765 0.1863347 0.419476 0.1906273 0.3611319 0.5413089 0.3601276 0.5175858 0.3750202 0.5566572 0.1947787 0.1216968 0.2114034 0.2148526 0.1865609 0.2083241 0.1586667 0.4353587 0.1933847 0.3494477 0.1735592 0.4744303 0.1739469 0.3302956 0.2114034 0.2148526 0.1933847 0.3494477 0.159671 0.4590819 0.1586667 0.4353587 0.1735592 0.4744303 0.4606927 0.1226771 0.4773173 0.215833 0.4524749 0.2093045 0.4245806 0.4363392 0.4592987 0.3504282 0.4394732 0.4754108 0.4398609 0.3312761 0.4773173 0.215833 0.4592987 0.3504282 0.02635782 0.1041077 0.02979457 0.1216966 0.006558179 0.1084004 0.06590664 0.4353587 0.06490236 0.4590818 0.05101406 0.4744303 0.324213 0.2164271 0.3408377 0.3095828 0.3159952 0.3030542 0.3033812 0.4250258 0.3408377 0.3095828 0.3228191 0.4441779 0.3318207 0.4363392 0.3308164 0.4600623 0.3169281 0.4754108 0.1968694 0.2429868 0.213494 0.3361426 0.1886515 0.3296141 0.1607573 0.5566487 0.1954753 0.4707378 0.1756498 0.5957204 0.2278189 0.1863346 0.2312556 0.2039236 0.2080193 0.1906272 0.1617616 0.5803719 0.1607573 0.5566487 0.1756498 0.5957204 0.1812209 0.3886796 0.2159389 0.3027686 0.1961135 0.4277512 0.1965011 0.2836164 0.2339575 0.1681733 0.2159389 0.3027686 0.4749944 0.2273621 0.491619 0.3205179 0.4667766 0.3139894 0.4749944 0.2273621 0.4784311 0.2097732 0.4982307 0.2140659 0.2021308 0.1533328 0.2187554 0.06017702 0.2269733 0.1468043 0.05603706 0.3447386 0.07266169 0.2515829 0.08087956 0.3382101 0.2146309 0.2970793 0.2312556 0.2039236 0.2394734 0.2905508 0.01317 0.2148526 0.02979457 0.1216966 0.03801244 0.2083239 0.279084 0.215833 0.2957086 0.1226772 0.3039264 0.2093043 0.1426041 0.3095828 0.1592288 0.216427 0.1674466 0.3030542 0.01526063 0.3361426 0.03188526 0.2429869 0.04010307 0.3296141 0.03572416 0.1681735 0.05234879 0.0750178 0.06056666 0.1616449 0.2933856 0.3205178 0.3100103 0.227362 0.3182281 0.3139893 0.2201495 0.2879279 0.2548676 0.3738391 0.239975 0.4129106 0.2021308 0.1533328 0.2395873 0.2687758 0.2201495 0.2879279 0.07405567 0.4793338 0.1087737 0.5652448 0.09388118 0.6043164 0.05603706 0.3447386 0.09349346 0.4601816 0.07405567 0.4793338 0.2326495 0.4316746 0.2673676 0.5175856 0.252475 0.5566572 0.2146309 0.2970793 0.2520874 0.4125223 0.2326495 0.4316746 0.0311886 0.3494477 0.06590664 0.4353587 0.05101406 0.4744303 0.01317 0.2148526 0.05062645 0.3302956 0.0311886 0.3494477 0.2971026 0.3504282 0.3318207 0.4363392 0.3169281 0.4754108 0.279084 0.215833 0.3165404 0.3312761 0.2971026 0.3504282 0.1606228 0.444178 0.1953409 0.530089 0.1804483 0.5691605 0.1426041 0.3095828 0.1800606 0.4250257 0.1606228 0.444178 0.03327924 0.4707378 0.06799739 0.5566487 0.05310469 0.5957204 0.01526063 0.3361426 0.05271708 0.4515857 0.03327924 0.4707378 0.05374282 0.3027687 0.08846092 0.3886796 0.07356834 0.4277512 0.03572416 0.1681735 0.07318061 0.2836166 0.05374282 0.3027687 0.3114042 0.4551131 0.3461223 0.541024 0.3312298 0.5800957 0.2933856 0.3205178 0.3308421 0.4359609 0.3114042 0.4551131 0.3474494 0.2031306 0.324213 0.2164271 0.3276498 0.1988378 0.02911245 0.06172144 0.04891204 0.05742871 0.05234879 0.0750178 0.04942536 0.2382866 0.06922489 0.2339939 0.07266169 0.2515829 0.4839291 0.1093809 0.4606927 0.1226771 0.4641295 0.1050882 0.1955191 0.04688072 0.2153187 0.04258799 0.2187554 0.06017702 0.008648931 0.2296906 0.02844852 0.2253979 0.03188526 0.2429869 0.406976 0.04688072 0.3837396 0.06017696 0.3871763 0.04258811 0.2180151 0.1084005 0.1947787 0.1216968 0.1982155 0.1041078 0.1359924 0.2031307 0.1557921 0.1988378 0.1592288 0.216427 0.252475 0.5566572 0.2673676 0.5175856 0.2663633 0.5413089 0.3029935 0.5691605 0.2891052 0.553812 0.2881009 0.530089 0.07356834 0.4277512 0.08846092 0.3886796 0.08745664 0.4124028 0.09388118 0.6043164 0.1087737 0.5652448 0.1077694 0.5889679 0.4394732 0.4754108 0.425585 0.4600623 0.4245806 0.4363392 0.239975 0.4129106 0.2548676 0.3738391 0.2538632 0.3975622 0.05310469 0.5957204 0.06799739 0.5566487 0.06699299 0.5803719 0.3625202 0.4129106 0.3486319 0.3975622 0.3476276 0.3738391 0.1804483 0.5691605 0.1953409 0.530089 0.1943365 0.5538122 0.2187554 0.06017702 0.3012475 0.01707679 0.3012475 0.03856647 0.3012475 0.03856647 0.2269733 0.1468043 0.2187554 0.06017702 0.2294279 0.33821 0.1551536 0.2299721 0.2376458 0.2515828 0.2376458 0.2515828 0.1551536 0.2084825 0.2410824 0.2339938 0.3012475 0.3694634 0.2538632 0.3975622 0.2548676 0.3738391 0.216814 0.4601816 0.1551537 0.5608691 0.1551537 0.4440243 0.3012475 0.3694634 0.2395873 0.2687758 0.3012475 0.2526184 0.1551537 0.5608691 0.202538 0.5889679 0.1551537 0.584894 0.07266169 0.2515829 0.1551536 0.2084825 0.1551536 0.2299721 0.1551536 0.2299721 0.08087956 0.3382101 0.07266169 0.2515829 0.3880218 0.290551 0.3137477 0.1823131 0.3962397 0.2039237 0.3962397 0.2039237 0.3137477 0.1608234 0.3996765 0.1863347 0.1551537 0.5608691 0.1077694 0.5889679 0.1087737 0.5652448 0.3754078 0.4125225 0.3137476 0.5132099 0.3137477 0.3963652 0.1551537 0.5608691 0.09349346 0.4601816 0.1551537 0.4440243 0.3137476 0.5132099 0.3611319 0.5413089 0.3137476 0.5372348 0.2312556 0.2039236 0.3137477 0.1608234 0.3137477 0.1823131 0.3137477 0.1823131 0.2394734 0.2905508 0.2312556 0.2039236 0.1865609 0.2083241 0.1122867 0.100086 0.1947787 0.1216968 0.1947787 0.1216968 0.1122867 0.07859641 0.1982155 0.1041078 0.3137476 0.5132099 0.2663633 0.5413089 0.2673676 0.5175856 0.1739469 0.3302956 0.1122866 0.430983 0.1122866 0.3141381 0.3137476 0.5132099 0.2520874 0.4125223 0.3137477 0.3963652 0.1122866 0.430983 0.159671 0.4590819 0.1122866 0.4550077 0.02979457 0.1216966 0.1122867 0.07859641 0.1122867 0.100086 0.1122867 0.100086 0.03801244 0.2083239 0.02979457 0.1216966 0.4524749 0.2093045 0.3782007 0.1010666 0.4606927 0.1226771 0.4606927 0.1226771 0.3782007 0.07957679 0.4641295 0.1050882 0.1122866 0.430983 0.06490236 0.4590818 0.06590664 0.4353587 0.4398609 0.3312761 0.3782007 0.4319635 0.3782007 0.3151187 0.1122866 0.430983 0.05062645 0.3302956 0.1122866 0.3141381 0.3782007 0.4319635 0.425585 0.4600623 0.3782007 0.4559883 0.2957086 0.1226772 0.3782007 0.07957679 0.3782007 0.1010666 0.3782007 0.1010666 0.3039264 0.2093043 0.2957086 0.1226772 0.3159952 0.3030542 0.2417209 0.1948162 0.324213 0.2164271 0.324213 0.2164271 0.2417209 0.1733265 0.3276498 0.1988378 0.3782007 0.4319635 0.3308164 0.4600623 0.3318207 0.4363392 0.3033812 0.4250258 0.2417209 0.5257133 0.2417209 0.4088683 0.3782007 0.4319635 0.3165404 0.3312761 0.3782007 0.3151187 0.2417209 0.5257133 0.2891052 0.553812 0.2417209 0.5497381 0.1592288 0.216427 0.2417209 0.1733265 0.2417209 0.1948162 0.2417209 0.1948162 0.1674466 0.3030542 0.1592288 0.216427 0.1886515 0.3296141 0.1143773 0.2213762 0.1968694 0.2429868 0.1968694 0.2429868 0.1143773 0.1998865 0.2003061 0.2253979 0.2417209 0.5257133 0.1943365 0.5538122 0.1953409 0.530089 0.1760376 0.4515857 0.1143773 0.5522732 0.1143773 0.4354283 0.2417209 0.5257133 0.1800606 0.4250257 0.2417209 0.4088683 0.1143773 0.5522732 0.1617616 0.5803719 0.1143773 0.5762979 0.03188526 0.2429869 0.1143773 0.1998865 0.1143773 0.2213762 0.1143773 0.2213762 0.04010307 0.3296141 0.03188526 0.2429869 0.209115 0.1616449 0.1348408 0.05340707 0.2173328 0.07501757 0.2173328 0.07501757 0.1348408 0.03191733 0.2207696 0.05742859 0.1143773 0.5522732 0.06699299 0.5803719 0.06799739 0.5566487 0.1965011 0.2836164 0.1348409 0.3843039 0.1348409 0.2674592 0.1143773 0.5522732 0.05271708 0.4515857 0.1143773 0.4354283 0.1348409 0.3843039 0.1822252 0.4124028 0.1348409 0.4083288 0.05234879 0.0750178 0.1348408 0.03191733 0.1348408 0.05340707 0.1348408 0.05340707 0.06056666 0.1616449 0.05234879 0.0750178 0.4667766 0.3139894 0.3925023 0.2057514 0.4749944 0.2273621 0.4749944 0.2273621 0.3925024 0.1842617 0.4784311 0.2097732 0.1348409 0.3843039 0.08745664 0.4124028 0.08846092 0.3886796 0.4541626 0.4359609 0.3925023 0.5366484 0.3925023 0.4198035 0.1348409 0.3843039 0.07318061 0.2836166 0.1348409 0.2674592 0.3925023 0.5366484 0.4398866 0.5647472 0.3925023 0.5606731 0.3100103 0.227362 0.3925024 0.1842617 0.3925023 0.2057514 0.3925023 0.2057514 0.3182281 0.3139893 0.3100103 0.227362 0.3755218 0.1468043 0.3012475 0.03856647 0.3837396 0.06017696 0.3837396 0.06017696 0.3012475 0.01707679 0.3871763 0.04258811 0.3925023 0.5366484 0.345118 0.5647472 0.3461223 0.541024 0.3629078 0.2687758 0.3012475 0.3694634 0.3012475 0.2526184 0.3925023 0.5366484 0.3308421 0.4359609 0.3925023 0.4198035 0.3012475 0.3694634 0.3486319 0.3975622 0.3012475 0.3934882 0.3012475 0.2526184 0.2269733 0.1468043 0.3012475 0.131143 0.2294279 0.33821 0.1551537 0.4440243 0.1551536 0.3225489 0.1551537 0.4440243 0.08087956 0.3382101 0.1551536 0.3225489 0.3880218 0.290551 0.3137477 0.3963652 0.3137477 0.2748897 0.3137477 0.3963652 0.2394734 0.2905508 0.3137477 0.2748897 0.1865609 0.2083241 0.1122866 0.3141381 0.1122867 0.1926627 0.1122866 0.3141381 0.03801244 0.2083239 0.1122867 0.1926627 0.4524749 0.2093045 0.3782007 0.3151187 0.3782007 0.1936431 0.3782007 0.3151187 0.3039264 0.2093043 0.3782007 0.1936431 0.3159952 0.3030542 0.2417209 0.4088683 0.2417209 0.287393 0.2417209 0.4088683 0.1674466 0.3030542 0.2417209 0.287393 0.1886515 0.3296141 0.1143773 0.4354283 0.1143773 0.3139529 0.1143773 0.4354283 0.04010307 0.3296141 0.1143773 0.3139529 0.209115 0.1616449 0.1348409 0.2674592 0.1348408 0.1459835 0.1348409 0.2674592 0.06056666 0.1616449 0.1348408 0.1459835 0.4667766 0.3139894 0.3925023 0.4198035 0.3925023 0.2983281 0.3925023 0.4198035 0.3182281 0.3139893 0.3925023 0.2983281 0.3755218 0.1468043 0.3012475 0.2526184 0.3012475 0.131143 0.4950572 0.4434003 0.4833584 0.526023 0.365882 0.4577714 0.3629143 0.4577551 0.3600873 0.4886781 0.2441567 0.4699485 0.4952224 0.4427841 0.4835858 0.5256629 0.3657435 0.4577602 0.3725724 0.3777663 0.365882 0.4577714 0.2501049 0.4367594 0.372362 0.3775276 0.3657435 0.4577602 0.2496597 0.4372004 0.2493235 0.3569533 0.2501049 0.4367594 0.1342169 0.4580523 0.2487834 0.3572103 0.2496597 0.4372004 0.1334992 0.458885 0.1266803 0.3810999 0.1342169 0.4580523 0.01672083 0.5243021 0.4945557 0.4352943 0.4831029 0.5237013 0.3573341 0.4550521 0.1258653 0.38203 0.1334992 0.458885 0.01671975 0.5258234 0.4949198 0.4401825 0.4834137 0.5249626 0.3629143 0.4577551 0.3635519 0.3711528 0.3573341 0.4550521 0.2375955 0.436714 0.3693525 0.3758148 0.3629143 0.4577551 0.2440829 0.4376012 0.2361714 0.3571007 0.2375955 0.436714 0.126106 0.4607556 0.2430623 0.3571899 0.2440829 0.4376012 0.1291474 0.4605292 0.1181643 0.38791 0.126106 0.4607556 0.01743781 0.5265936 0.1214777 0.3853886 0.1291474 0.4605292 0.01691997 0.5255087 0.6808237 0.656915 0.6808237 0.7693273 0.5997195 0.7693274 0.126106 0.4607556 0.2375955 0.436714 0.2377458 0.4676402 0.1291474 0.4605292 0.2440829 0.4376012 0.2441567 0.4699485 0.01743781 0.5265936 0.126106 0.4607556 0.1289895 0.4890585 0.01691997 0.5255087 0.1291474 0.4605292 0.1319509 0.4897357 0.4833584 0.526023 0.475903 0.5544582 0.3630253 0.4879224 0.4835858 0.5256629 0.4761433 0.5542013 0.3629129 0.4879983 0.365882 0.4577714 0.3630253 0.4879224 0.2501108 0.4677816 0.3657435 0.4577602 0.3629129 0.4879983 0.249697 0.4683018 0.1342169 0.4580523 0.2501049 0.4367594 0.2501108 0.4677816 0.1334992 0.458885 0.2496597 0.4372004 0.249697 0.4683018 0.01672083 0.5243021 0.1342169 0.4580523 0.1371203 0.4891011 0.4831029 0.5237013 0.4754382 0.5543109 0.3544445 0.4878767 0.01671975 0.5258234 0.1334992 0.458885 0.1364225 0.4900994 0.4834137 0.5249626 0.4759454 0.5542216 0.3600873 0.4886781 0.3573341 0.4550521 0.3544445 0.4878767 0.2377458 0.4676402 0.475854 0.3668275 0.4809401 0.4306261 0.3544338 0.4254038 0.5997195 0.656915 0.5997195 0.7693272 0.5186153 0.7693273 0.8430323 0.6569148 0.8430323 0.7693272 0.7619279 0.7693272 0.5997195 0.656915 0.5997195 0.7693274 0.5186153 0.7693274 0.8430323 0.6569149 0.8430323 0.7693274 0.761928 0.7693274 0.7619279 0.6569148 0.7619279 0.7693272 0.6808238 0.7693272 0.761928 0.656915 0.761928 0.7693274 0.6808237 0.7693274 0.6808237 0.656915 0.6808238 0.7693272 0.5997195 0.7693272 0.6808238 0.6569151 0.6808237 0.7693274 0.5997195 0.7693273 0.5997195 0.656915 0.5997195 0.7693272 0.5186151 0.7693273 0.5997195 0.656915 0.5997195 0.7693273 0.5186153 0.7693273 0.8430321 0.6569148 0.8430321 0.7693272 0.7619279 0.7693272 0.8430323 0.656915 0.8430323 0.7693273 0.7619279 0.7693273 0.7619279 0.6569148 0.7619279 0.7693272 0.6808238 0.7693272 0.7619279 0.656915 0.7619279 0.7693273 0.6808237 0.7693273 0.6808237 0.656915 0.6808238 0.7693272 0.5997195 0.7693272 0.245736 0.4251682 0.2460979 0.466352 0.1331273 0.4684937 0.3587162 0.3695604 0.358501 0.4270707 0.2449432 0.4257723 0.3546867 0.3668273 0.3544338 0.4254038 0.2400804 0.4235446 0.1314118 0.3717746 0.2448653 0.3693714 0.2449432 0.4257723 0.1288574 0.3696441 0.240075 0.367447 0.2400804 0.4235446 0.1314118 0.3717746 0.1315212 0.4275808 0.00956726 0.4285602 0.3590122 0.3684266 0.4760421 0.367784 0.4810165 0.4293547 0.1288574 0.3696441 0.1289362 0.4242938 0.009674012 0.4250159 0.3590122 0.3684267 0.4760422 0.367784 0.4810166 0.4293547 0.3590122 0.3684266 0.3588944 0.4257339 0.245736 0.4251682 0.3590122 0.3684267 0.3588945 0.4257341 0.245736 0.4251685 0.1325922 0.3720749 0.2455656 0.3690028 0.245736 0.4251682 0.1325923 0.372075 0.2455657 0.3690028 0.245736 0.4251685 0.1325922 0.3720749 0.1326075 0.4271634 0.009597539 0.4295049 0.1325923 0.372075 0.1326076 0.4271633 0.009597539 0.4295051 0.3587162 0.3695604 0.476159 0.3697071 0.4810467 0.4315281 0.3542249 0.4675325 0.3533109 0.5227549 0.2399395 0.514481 0.245736 0.4251685 0.2460979 0.4663522 0.1331273 0.4684939 0.1326075 0.4271634 0.1331273 0.4684937 0.009897887 0.4755068 0.1326076 0.4271633 0.1331273 0.4684939 0.009897887 0.475507 0.4810467 0.4315281 0.4802361 0.4774864 0.3584154 0.4684566 0.4809401 0.4306261 0.4801209 0.4780731 0.3542249 0.4675325 0.358501 0.4270707 0.3584154 0.4684566 0.2452438 0.4670946 0.3544338 0.4254038 0.3542249 0.4675325 0.2402135 0.4646186 0.2449432 0.4257723 0.2452438 0.4670946 0.131997 0.4687877 0.2400804 0.4235446 0.2402135 0.4646186 0.1293682 0.4646066 0.1315212 0.4275808 0.131997 0.4687877 0.009690165 0.4742314 0.4810165 0.4293547 0.4802858 0.4751569 0.3588781 0.466975 0.1289362 0.4242938 0.1293682 0.4646066 0.009777367 0.4696756 0.4810166 0.4293547 0.4802859 0.4751569 0.3588781 0.4669753 0.3588944 0.4257339 0.3588781 0.466975 0.2460979 0.466352 0.3588945 0.4257341 0.3588781 0.4669753 0.2460979 0.4663522 0.2452438 0.4670946 0.2452841 0.5195236 0.132485 0.5222641 0.2402135 0.4646186 0.2399395 0.514481 0.1298253 0.5168161 0.009690165 0.4742314 0.131997 0.4687877 0.132485 0.5222641 0.4802858 0.4751569 0.4737362 0.5289418 0.3583403 0.5185874 0.009777367 0.4696756 0.1293682 0.4646066 0.1298253 0.5168161 0.4802859 0.4751569 0.4737362 0.5289418 0.3583404 0.5185875 0.2460979 0.466352 0.3588781 0.466975 0.3583403 0.5185874 0.2460979 0.4663522 0.3588781 0.4669753 0.3583404 0.5185875 0.2460979 0.466352 0.2462224 0.5186223 0.1337246 0.5221057 0.2460979 0.4663522 0.2462224 0.5186225 0.1337246 0.5221057 0.009897887 0.4755068 0.1331273 0.4684937 0.1337246 0.5221057 0.009897887 0.475507 0.1331273 0.4684939 0.1337246 0.5221057 0.4802361 0.4774864 0.4735725 0.5314159 0.3577888 0.5202448 0.4801209 0.4780731 0.4732609 0.5339601 0.3533109 0.5227549 0.2452438 0.4670946 0.3584154 0.4684566 0.3577888 0.5202448 0.2544649 0.395641 0.1524536 0.3938519 0.152916 0.3687661 0.3573357 0.3520545 0.2560201 0.3532122 0.2567058 0.2973071 0.2558246 0.3971424 0.2556602 0.3713839 0.3574426 0.3630745 0.2544649 0.395641 0.2543304 0.3726888 0.3556222 0.3640832 0.459804 0.3692529 0.3582152 0.3866137 0.3574426 0.3630745 0.4600448 0.3689409 0.3564085 0.3890901 0.3556222 0.3640832 0.05129051 0.3700596 0.05089122 0.3441486 0.1531249 0.3639094 0.05150347 0.3715323 0.05109691 0.3452027 0.1550058 0.3641504 0.2536316 0.3969671 0.1523594 0.3870782 0.1531249 0.3639094 0.2557451 0.3970566 0.1542153 0.3888513 0.1550058 0.3641504 0.2536316 0.3969671 0.25384 0.371297 0.3566055 0.3708235 0.2557451 0.3970566 0.2559149 0.3728144 0.3577243 0.3716853 0.4632859 0.382009 0.357048 0.3949099 0.3566055 0.3708235 0.04859972 0.3772951 0.04801625 0.3506562 0.1531231 0.3686349 0.4631586 0.3849625 0.3580898 0.3953655 0.3577243 0.3716853 0.04841667 0.3797801 0.04771566 0.3554883 0.152916 0.3687661 0.2558246 0.3971424 0.1525599 0.3923374 0.1531231 0.3686349 0.1576825 0.2906098 0.06102639 0.2729471 0.06872904 0.05120819 0.3562016 0.3510249 0.3552818 0.293453 0.454401 0.2765945 0.0497443 0.3299984 0.05778247 0.2766398 0.1552659 0.2940594 0.4625732 0.3371303 0.3573357 0.3520545 0.3562916 0.2937548 0.04925173 0.3347802 0.0567913 0.2812263 0.1546022 0.2948003 0.1536498 0.3490275 0.1552659 0.2940594 0.255218 0.2925106 0.1532926 0.3495821 0.1546022 0.2948003 0.2538829 0.2940534 0.3568929 0.3439797 0.2555789 0.351665 0.255218 0.2925106 0.3549853 0.3446061 0.254176 0.3530666 0.2538829 0.2940534 0.3568929 0.3439797 0.3549871 0.2892468 0.4508883 0.2737473 0.3549853 0.3446061 0.3530029 0.2900235 0.4502394 0.2714588 0.1537123 0.3449776 0.0526514 0.3245947 0.06061238 0.2730106 0.05287265 0.3253182 0.06102639 0.2729471 0.1576825 0.2906098 0.1537123 0.3449776 0.1557747 0.2911146 0.2547016 0.2952498 0.1555923 0.3450571 0.1576825 0.2906098 0.2567058 0.2973071 0.3562016 0.3510249 0.2539472 0.3516153 0.2547016 0.2952498 0.1557747 0.2911146 0.1627823 0.0625984 0.2556802 0.06769031 0.2567058 0.2973071 0.1576825 0.2906098 0.1629123 0.06429505 0.2547016 0.2952498 0.2556802 0.06769031 0.3504644 0.06207907 0.3562916 0.2937548 0.2567058 0.2973071 0.2556441 0.06769865 0.3552818 0.293453 0.3504644 0.06207907 0.4462727 0.04996913 0.1552659 0.2940594 0.05778247 0.2766398 0.06490266 0.0511114 0.4551804 0.2824737 0.3562916 0.2937548 0.3507055 0.06181859 0.0567913 0.2812263 0.06258451 0.05191749 0.1599833 0.06176018 0.255218 0.2925106 0.1552659 0.2940594 0.1597129 0.06114459 0.1546022 0.2948003 0.1599833 0.06176018 0.25513 0.06529825 0.3549871 0.2892468 0.255218 0.2925106 0.2558428 0.06381678 0.2538829 0.2940534 0.25513 0.06529825 0.3497531 0.06245172 0.4508883 0.2737473 0.3549871 0.2892468 0.3503459 0.06126761 0.3530029 0.2900235 0.3497531 0.06245172 0.4425657 0.05191743 0.06061238 0.2730106 0.06804561 0.04996919 0.1627823 0.0625984 0.7581236 0.01459014 0.7581236 0.5629529 0.6419627 0.5629529 0.8742844 0.01458996 0.8742845 0.5629529 0.7581236 0.5629529 0.8742845 0.01459014 0.8742845 0.5629529 0.7581236 0.5629529 0.9904454 0.01458996 0.9904454 0.5629529 0.8742845 0.5629529 0.9904454 0.01459014 0.9904454 0.5629529 0.8742845 0.5629529 0.8742845 0.01459002 0.8742845 0.5629528 0.9904454 0.5629526 0.8742844 0.01459026 0.8742844 0.5629528 0.9904454 0.5629526 0.7581235 0.01458996 0.7581235 0.5629528 0.8742845 0.5629528 0.7581235 0.01459026 0.7581235 0.5629528 0.8742844 0.5629528 0.6419626 0.01458996 0.6419625 0.5629528 0.7581235 0.5629528 0.7581235 0.01459026 0.6419626 0.01459026 0.6419625 0.5629528 0.5258016 0.01459026 0.5258016 0.5629529 0.6419625 0.5629528 0.6419626 0.01459002 0.6419627 0.5629529 0.5258017 0.5629528 0.6419626 0.01459026 0.5258016 0.01459026 0.5258016 0.5629529 0.6419626 0.01459014 0.6419627 0.5629529 0.5258017 0.5629528 0.7581236 0.01458996 0.7581236 0.5629529 0.6419627 0.5629529 0.1489472 0.5786516 0.1525599 0.3923374 0.2558246 0.3971424 0.04289621 0.5668125 0.04841667 0.3797801 0.1524536 0.3938519 0.4660502 0.5749071 0.3591656 0.5814157 0.3580898 0.3953655 0.1489472 0.5786516 0.0428825 0.5657829 0.04859972 0.3772951 0.358307 0.5826542 0.357048 0.3949099 0.4632859 0.382009 0.2531304 0.5809111 0.2557451 0.3970566 0.3580898 0.3953655 0.250716 0.5811873 0.2536316 0.3969671 0.357048 0.3949099 0.1480659 0.5717085 0.1542153 0.3888513 0.2557451 0.3970566 0.1457405 0.5691818 0.1523594 0.3870782 0.2536316 0.3969671 0.04408776 0.555639 0.05150347 0.3715323 0.1542153 0.3888513 0.04335469 0.5517749 0.05129051 0.3700596 0.1523594 0.3870782 0.3610018 0.5739393 0.3564085 0.3890901 0.4600448 0.3689409 0.3628868 0.5714988 0.3582152 0.3866137 0.459804 0.3692529 0.2546122 0.5807064 0.2544649 0.395641 0.3564085 0.3890901 0.2563613 0.5815121 0.2558246 0.3971424 0.3582152 0.3866137 0.1486116 0.5782312 0.1524536 0.3938519 0.2544649 0.395641 0.25384 0.371297 0.2539472 0.3516153 0.3562016 0.3510249 0.1550058 0.3641504 0.1555923 0.3450571 0.2560201 0.3532122 0.1531249 0.3639094 0.1537123 0.3449776 0.2539472 0.3516153 0.05109691 0.3452027 0.05287265 0.3253182 0.1555923 0.3450571 0.05089122 0.3441486 0.0526514 0.3245947 0.1537123 0.3449776 0.460385 0.3446304 0.3556222 0.3640832 0.3549853 0.3446061 0.4602513 0.3455224 0.3574426 0.3630745 0.3568929 0.3439797 0.2543304 0.3726888 0.254176 0.3530666 0.3549853 0.3446061 0.3574426 0.3630745 0.2556602 0.3713839 0.2555789 0.351665 0.152916 0.3687661 0.1532926 0.3495821 0.254176 0.3530666 0.1531231 0.3686349 0.1536498 0.3490275 0.2555789 0.351665 0.152916 0.3687661 0.04771566 0.3554883 0.04925173 0.3347802 0.3577243 0.3716853 0.3573357 0.3520545 0.4625732 0.3371303 0.04801625 0.3506562 0.0497443 0.3299984 0.1536498 0.3490275 0.3566055 0.3708235 0.3562016 0.3510249 0.4625924 0.3359894 0.2559149 0.3728144 0.2560201 0.3532122 0.3573357 0.3520545 0.2881009 0.530089 0.3033812 0.4250258 0.3228191 0.4441779 0.1760376 0.4515857 0.1886515 0.3296141 0.213494 0.3361426 0.2173328 0.07501757 0.2405692 0.06172132 0.2339575 0.1681733 0.4388823 0.5410241 0.4541626 0.4359609 0.4736005 0.4551131 0.4541626 0.4359609 0.4667766 0.3139894 0.491619 0.3205179 0.3476276 0.3738391 0.3629078 0.2687758 0.3823456 0.2879281 0.3754078 0.4125225 0.3880218 0.290551 0.4128643 0.2970795 0.3837396 0.06017696 0.406976 0.04688072 0.4003643 0.1533328 0.3629078 0.2687758 0.3755218 0.1468043 0.4003643 0.1533328 0.2376458 0.2515828 0.2608821 0.2382863 0.2542705 0.3447385 0.2015337 0.5652448 0.216814 0.4601816 0.2362518 0.4793338 0.216814 0.4601816 0.2294279 0.33821 0.2542705 0.3447385 0.3962397 0.2039237 0.419476 0.1906273 0.4128643 0.2970795 0.3601276 0.5175858 0.3754078 0.4125225 0.3948457 0.4316747 0.1947787 0.1216968 0.2180151 0.1084005 0.2114034 0.2148526 0.1586667 0.4353587 0.1739469 0.3302956 0.1933847 0.3494477 0.1739469 0.3302956 0.1865609 0.2083241 0.2114034 0.2148526 0.4606927 0.1226771 0.4839291 0.1093809 0.4773173 0.215833 0.4245806 0.4363392 0.4398609 0.3312761 0.4592987 0.3504282 0.4398609 0.3312761 0.4524749 0.2093045 0.4773173 0.215833 0.324213 0.2164271 0.3474494 0.2031306 0.3408377 0.3095828 0.3033812 0.4250258 0.3159952 0.3030542 0.3408377 0.3095828 0.1968694 0.2429868 0.2201058 0.2296907 0.213494 0.3361426 0.1607573 0.5566487 0.1760376 0.4515857 0.1954753 0.4707378 0.1812209 0.3886796 0.1965011 0.2836164 0.2159389 0.3027686 0.1965011 0.2836164 0.209115 0.1616449 0.2339575 0.1681733 0.4749944 0.2273621 0.4982307 0.2140659 0.491619 0.3205179 0.2021308 0.1533328 0.1955191 0.04688072 0.2187554 0.06017702 0.05603706 0.3447386 0.04942536 0.2382866 0.07266169 0.2515829 0.2146309 0.2970793 0.2080193 0.1906272 0.2312556 0.2039236 0.01317 0.2148526 0.006558179 0.1084004 0.02979457 0.1216966 0.279084 0.215833 0.2724723 0.109381 0.2957086 0.1226772 0.1426041 0.3095828 0.1359924 0.2031307 0.1592288 0.216427 0.01526063 0.3361426 0.008648931 0.2296906 0.03188526 0.2429869 0.03572416 0.1681735 0.02911245 0.06172144 0.05234879 0.0750178 0.2933856 0.3205178 0.2867739 0.2140658 0.3100103 0.227362 0.2201495 0.2879279 0.2395873 0.2687758 0.2548676 0.3738391 0.2021308 0.1533328 0.2269733 0.1468043 0.2395873 0.2687758 0.07405567 0.4793338 0.09349346 0.4601816 0.1087737 0.5652448 0.05603706 0.3447386 0.08087956 0.3382101 0.09349346 0.4601816 0.2326495 0.4316746 0.2520874 0.4125223 0.2673676 0.5175856 0.2146309 0.2970793 0.2394734 0.2905508 0.2520874 0.4125223 0.0311886 0.3494477 0.05062645 0.3302956 0.06590664 0.4353587 0.01317 0.2148526 0.03801244 0.2083239 0.05062645 0.3302956 0.2971026 0.3504282 0.3165404 0.3312761 0.3318207 0.4363392 0.279084 0.215833 0.3039264 0.2093043 0.3165404 0.3312761 0.1606228 0.444178 0.1800606 0.4250257 0.1953409 0.530089 0.1426041 0.3095828 0.1674466 0.3030542 0.1800606 0.4250257 0.03327924 0.4707378 0.05271708 0.4515857 0.06799739 0.5566487 0.01526063 0.3361426 0.04010307 0.3296141 0.05271708 0.4515857 0.05374282 0.3027687 0.07318061 0.2836166 0.08846092 0.3886796 0.03572416 0.1681735 0.06056666 0.1616449 0.07318061 0.2836166 0.3114042 0.4551131 0.3308421 0.4359609 0.3461223 0.541024 0.2933856 0.3205178 0.3182281 0.3139893 0.3308421 0.4359609 0.2187554 0.06017702 0.2153187 0.04258799 0.3012475 0.01707679 0.3012475 0.03856647 0.3012475 0.131143 0.2269733 0.1468043 0.2294279 0.33821 0.1551536 0.3225489 0.1551536 0.2299721 0.2376458 0.2515828 0.1551536 0.2299721 0.1551536 0.2084825 0.3012475 0.3694634 0.3012475 0.3934882 0.2538632 0.3975622 0.216814 0.4601816 0.2015337 0.5652448 0.1551537 0.5608691 0.3012475 0.3694634 0.2548676 0.3738391 0.2395873 0.2687758 0.1551537 0.5608691 0.2015337 0.5652448 0.202538 0.5889679 0.07266169 0.2515829 0.06922489 0.2339939 0.1551536 0.2084825 0.1551536 0.2299721 0.1551536 0.3225489 0.08087956 0.3382101 0.3880218 0.290551 0.3137477 0.2748897 0.3137477 0.1823131 0.3962397 0.2039237 0.3137477 0.1823131 0.3137477 0.1608234 0.1551537 0.5608691 0.1551537 0.584894 0.1077694 0.5889679 0.3754078 0.4125225 0.3601276 0.5175858 0.3137476 0.5132099 0.1551537 0.5608691 0.1087737 0.5652448 0.09349346 0.4601816 0.3137476 0.5132099 0.3601276 0.5175858 0.3611319 0.5413089 0.2312556 0.2039236 0.2278189 0.1863346 0.3137477 0.1608234 0.3137477 0.1823131 0.3137477 0.2748897 0.2394734 0.2905508 0.1865609 0.2083241 0.1122867 0.1926627 0.1122867 0.100086 0.1947787 0.1216968 0.1122867 0.100086 0.1122867 0.07859641 0.3137476 0.5132099 0.3137476 0.5372348 0.2663633 0.5413089 0.1739469 0.3302956 0.1586667 0.4353587 0.1122866 0.430983 0.3137476 0.5132099 0.2673676 0.5175856 0.2520874 0.4125223 0.1122866 0.430983 0.1586667 0.4353587 0.159671 0.4590819 0.02979457 0.1216966 0.02635782 0.1041077 0.1122867 0.07859641 0.1122867 0.100086 0.1122867 0.1926627 0.03801244 0.2083239 0.4524749 0.2093045 0.3782007 0.1936431 0.3782007 0.1010666 0.4606927 0.1226771 0.3782007 0.1010666 0.3782007 0.07957679 0.1122866 0.430983 0.1122866 0.4550077 0.06490236 0.4590818 0.4398609 0.3312761 0.4245806 0.4363392 0.3782007 0.4319635 0.1122866 0.430983 0.06590664 0.4353587 0.05062645 0.3302956 0.3782007 0.4319635 0.4245806 0.4363392 0.425585 0.4600623 0.2957086 0.1226772 0.2922719 0.1050883 0.3782007 0.07957679 0.3782007 0.1010666 0.3782007 0.1936431 0.3039264 0.2093043 0.3159952 0.3030542 0.2417209 0.287393 0.2417209 0.1948162 0.324213 0.2164271 0.2417209 0.1948162 0.2417209 0.1733265 0.3782007 0.4319635 0.3782007 0.4559883 0.3308164 0.4600623 0.3033812 0.4250258 0.2881009 0.530089 0.2417209 0.5257133 0.3782007 0.4319635 0.3318207 0.4363392 0.3165404 0.3312761 0.2417209 0.5257133 0.2881009 0.530089 0.2891052 0.553812 0.1592288 0.216427 0.1557921 0.1988378 0.2417209 0.1733265 0.2417209 0.1948162 0.2417209 0.287393 0.1674466 0.3030542 0.1886515 0.3296141 0.1143773 0.3139529 0.1143773 0.2213762 0.1968694 0.2429868 0.1143773 0.2213762 0.1143773 0.1998865 0.2417209 0.5257133 0.2417209 0.5497381 0.1943365 0.5538122 0.1760376 0.4515857 0.1607573 0.5566487 0.1143773 0.5522732 0.2417209 0.5257133 0.1953409 0.530089 0.1800606 0.4250257 0.1143773 0.5522732 0.1607573 0.5566487 0.1617616 0.5803719 0.03188526 0.2429869 0.02844852 0.2253979 0.1143773 0.1998865 0.1143773 0.2213762 0.1143773 0.3139529 0.04010307 0.3296141 0.209115 0.1616449 0.1348408 0.1459835 0.1348408 0.05340707 0.2173328 0.07501757 0.1348408 0.05340707 0.1348408 0.03191733 0.1143773 0.5522732 0.1143773 0.5762979 0.06699299 0.5803719 0.1965011 0.2836164 0.1812209 0.3886796 0.1348409 0.3843039 0.1143773 0.5522732 0.06799739 0.5566487 0.05271708 0.4515857 0.1348409 0.3843039 0.1812209 0.3886796 0.1822252 0.4124028 0.05234879 0.0750178 0.04891204 0.05742871 0.1348408 0.03191733 0.1348408 0.05340707 0.1348408 0.1459835 0.06056666 0.1616449 0.4667766 0.3139894 0.3925023 0.2983281 0.3925023 0.2057514 0.4749944 0.2273621 0.3925023 0.2057514 0.3925024 0.1842617 0.1348409 0.3843039 0.1348409 0.4083288 0.08745664 0.4124028 0.4541626 0.4359609 0.4388823 0.5410241 0.3925023 0.5366484 0.1348409 0.3843039 0.08846092 0.3886796 0.07318061 0.2836166 0.3925023 0.5366484 0.4388823 0.5410241 0.4398866 0.5647472 0.3100103 0.227362 0.3065736 0.2097731 0.3925024 0.1842617 0.3925023 0.2057514 0.3925023 0.2983281 0.3182281 0.3139893 0.3755218 0.1468043 0.3012475 0.131143 0.3012475 0.03856647 0.3837396 0.06017696 0.3012475 0.03856647 0.3012475 0.01707679 0.3925023 0.5366484 0.3925023 0.5606731 0.345118 0.5647472 0.3629078 0.2687758 0.3476276 0.3738391 0.3012475 0.3694634 0.3925023 0.5366484 0.3461223 0.541024 0.3308421 0.4359609 0.3012475 0.3694634 0.3476276 0.3738391 0.3486319 0.3975622 0.3012475 0.2526184 0.2395873 0.2687758 0.2269733 0.1468043 0.2294279 0.33821 0.216814 0.4601816 0.1551537 0.4440243 0.1551537 0.4440243 0.09349346 0.4601816 0.08087956 0.3382101 0.3880218 0.290551 0.3754078 0.4125225 0.3137477 0.3963652 0.3137477 0.3963652 0.2520874 0.4125223 0.2394734 0.2905508 0.1865609 0.2083241 0.1739469 0.3302956 0.1122866 0.3141381 0.1122866 0.3141381 0.05062645 0.3302956 0.03801244 0.2083239 0.4524749 0.2093045 0.4398609 0.3312761 0.3782007 0.3151187 0.3782007 0.3151187 0.3165404 0.3312761 0.3039264 0.2093043 0.3159952 0.3030542 0.3033812 0.4250258 0.2417209 0.4088683 0.2417209 0.4088683 0.1800606 0.4250257 0.1674466 0.3030542 0.1886515 0.3296141 0.1760376 0.4515857 0.1143773 0.4354283 0.1143773 0.4354283 0.05271708 0.4515857 0.04010307 0.3296141 0.209115 0.1616449 0.1965011 0.2836164 0.1348409 0.2674592 0.1348409 0.2674592 0.07318061 0.2836166 0.06056666 0.1616449 0.4667766 0.3139894 0.4541626 0.4359609 0.3925023 0.4198035 0.3925023 0.4198035 0.3308421 0.4359609 0.3182281 0.3139893 0.3755218 0.1468043 0.3629078 0.2687758 0.3012475 0.2526184</float_array>
          <technique_common>
            <accessor source="#hele_struct-mesh-map-0-array" count="2484" stride="2">
              <param name="S" type="float"/>
              <param name="T" type="float"/>
            </accessor>
          </technique_common>
        </source>
        <source id="hele_struct-mesh-map-1">
          <float_array id="hele_struct-mesh-map-1-array" count="4968">0.9697995 0.1110988 0.9549228 0.07218104 0.9697995 0.07581013 0.5691433 0.1412207 0.5723347 0.0934807 0.5786394 0.0934807 0.9674849 0.7360293 0.9527688 0.6963647 0.9674849 0.700228 0.6673559 0.2749335 0.6531797 0.2408737 0.6689071 0.2403748 0.6392844 0.4618334 0.6535847 0.4960194 0.6378494 0.496478 0.6689071 0.2403748 0.6531797 0.1958412 0.6689071 0.1953423 0.6378494 0.496478 0.6535847 0.5411 0.6378494 0.5415586 0.6689071 0.1953423 0.6516284 0.1471908 0.6673559 0.1466919 0.9443393 0.564752 0.9286044 0.5193827 0.9443393 0.5198543 0.6378494 0.5415586 0.6550198 0.5897536 0.6392844 0.5902122 0.68048 0.9443393 0.6647527 0.8988811 0.68048 0.8993861 0.6366239 0.3066788 0.6258195 0.2616257 0.6411324 0.2616403 0.009518563 0.626924 0.05435764 0.6166595 0.05438226 0.6318742 0.6411324 0.2616403 0.6258195 0.2129507 0.6411324 0.2129653 0.05438226 0.6318742 0.1030321 0.6166595 0.1030567 0.6318742 0.6411324 0.2129653 0.6213109 0.1680498 0.6366239 0.1680643 0.1030567 0.6318742 0.148107 0.6117093 0.1481316 0.626924 0.6657013 0.4526094 0.6976338 0.4944812 0.6657013 0.4954118 0.2447926 0.5309368 0.2925326 0.5277454 0.2472053 0.5367616 0.5691433 0.04574072 0.5723347 0.0934807 0.5633185 0.04815346 0.2043206 0.5579794 0.2472053 0.5367616 0.2087787 0.5624374 0.5421007 0.005268692 0.5633185 0.04815346 0.5376427 0.009726762 0.1944228 0.5533503 0.151538 0.5321325 0.1539508 0.5263077 0.1932655 0.5741813 0.1503807 0.5529635 0.1527935 0.5471387 0.1539508 0.5263077 0.1062107 0.5231164 0.1062107 0.5168116 0.1527935 0.5471387 0.1050535 0.5439473 0.1050535 0.5376427 0.05847072 0.5263077 0.1062107 0.5231164 0.06088346 0.5321325 0.0573135 0.5471387 0.1050535 0.5439473 0.05972617 0.5529635 0.01799869 0.5533503 0.06088346 0.5321325 0.02245682 0.5578083 0.3807447 0.5579794 0.3378599 0.5367616 0.3402727 0.5309368 0.01684147 0.5741813 0.05972617 0.5529635 0.0212996 0.5786394 0.5421007 0.1816927 0.5633185 0.138808 0.5691433 0.1412207 0.3402727 0.5309368 0.2925326 0.5277454 0.2925326 0.5214407 0.7035639 0.1464472 0.726771 0.1867457 0.7182026 0.1883529 0.6748653 0.08226621 0.7082545 0.1274456 0.676338 0.1284579 0.5740102 0.9651704 0.5420784 0.9215847 0.5740102 0.9225416 0.6657013 0.4954118 0.6989963 0.5406759 0.6670638 0.5416064 0.8841609 0.9582267 0.8522447 0.9145206 0.8841609 0.9155453 0.5624375 0.6355171 0.5196455 0.6623118 0.519675 0.6312364 0.6357165 0.004951059 0.6618926 0.04749739 0.6310166 0.04754745 0.519675 0.6312364 0.4734305 0.6623118 0.4734601 0.6312364 0.6310166 0.04754745 0.6618926 0.09371191 0.6310166 0.09376192 0.4734601 0.6312364 0.4307988 0.6665925 0.4308283 0.6355171 0.6310166 0.09376192 0.6665926 0.1365088 0.6357165 0.1365588 0.4999444 0.9767433 0.4697543 0.9358733 0.4999444 0.9432381 0.9767432 0.6226159 0.946879 0.580784 0.9767432 0.588624 0.676338 0.006697535 0.7067817 0.03849726 0.6748653 0.03950959 0.6670638 0.4197157 0.6976338 0.4516788 0.6657013 0.4526094 0.6748653 0.03950959 0.7067817 0.08125388 0.6748653 0.08226621 0.5334634 0.6119582 0.4846321 0.6204081 0.4846401 0.6119582 0.6928298 0.1892383 0.7013109 0.230594 0.6928299 0.2301594 0.7182026 0.1883529 0.726771 0.2289639 0.7182026 0.2283156 0.6775349 0.2638386 0.7013109 0.230594 0.6851527 0.2661741 0.7035639 0.2602515 0.726771 0.2289639 0.7113062 0.2627022 0.08689606 0.6573343 0.1342443 0.6507456 0.1330878 0.6558616 0.3703095 0.02677142 0.4050475 0.01291465 0.3723658 0.03504729 0.6328772 0.4004853 0.6393931 0.4478669 0.6342396 0.44668 0.5430294 0.5606356 0.5763248 0.5479922 0.545243 0.5689614 0.3703095 0.02677142 0.3293285 0.04281926 0.3295714 0.03412818 0.5430294 0.5606356 0.5031923 0.5763248 0.5032254 0.5676057 0.285233 0.02677142 0.3293285 0.04281926 0.2824876 0.03504735 0.4590983 0.5606356 0.5031923 0.5763248 0.4565748 0.5689614 0.285233 0.02677142 0.2389743 0.01291465 0.2440443 0.005821168 0.4590983 0.5606356 0.4124874 0.5479922 0.4173662 0.5407868 0.6928298 0.1892383 0.6851527 0.1430636 0.7013109 0.1873633 0.1147366 0.0719437 0.1304452 0.1198292 0.1052116 0.1198293 0.4641886 0.4703814 0.4153794 0.4787772 0.4153658 0.4703814 0.4846401 0.6119582 0.4395943 0.6249305 0.4396023 0.6164806 0.4153658 0.4703814 0.3701671 0.4837425 0.3701534 0.4753468 0.9697996 0.3726437 0.9615904 0.3352449 0.9697996 0.3372475 0.4073621 0.9651704 0.3992415 0.9271281 0.4073621 0.92926 0.005611836 0.6507456 0.04000055 0.6436228 0.04027587 0.6523015 0.6393931 0.3190968 0.6466367 0.3535939 0.6379537 0.353847 0.04027587 0.6523015 0.08517026 0.6436228 0.08544558 0.6523015 0.6379537 0.353847 0.6466367 0.398812 0.6379537 0.399065 0.08544558 0.6523015 0.1339691 0.642067 0.1342443 0.6507456 0.9443394 0.1689627 0.9356566 0.1236679 0.9443394 0.1239281 0.6379537 0.399065 0.6480761 0.4476138 0.6393931 0.4478669 0.9350812 0.6827945 0.9264027 0.6374255 0.9350812 0.6377041 0.5786393 0.6164805 0.5334554 0.6204081 0.5334634 0.6119582 0.5091891 0.4753468 0.4642022 0.4787772 0.4641886 0.4703814 0.4577546 0.4940572 0.4195256 0.5268951 0.4098691 0.5035822 0.1052116 0.1198293 0.1380494 0.1580583 0.1147366 0.1677148 0.3692737 0.5307072 0.4195256 0.5268951 0.3871166 0.5485501 0.3795874 0.5052471 0.3293356 0.5014349 0.3389921 0.4781221 0.1418616 0.2083102 0.1380494 0.1580583 0.1597045 0.1904673 0.279006 0.300118 0.3292579 0.3039302 0.3196014 0.327243 0.2911065 0.4685971 0.3293356 0.5014349 0.2911065 0.4938306 0.3674869 0.336768 0.3292579 0.3039302 0.3674869 0.3115344 0.2911065 0.4685971 0.2528774 0.5014349 0.2432209 0.4781221 0.3674869 0.336768 0.405716 0.3039302 0.4153725 0.327243 0.2026256 0.5052471 0.2528774 0.5014349 0.2204685 0.52309 0.4559678 0.300118 0.405716 0.3039302 0.438125 0.2822751 0.5462356 0.5307072 0.4959837 0.5268951 0.5056402 0.5035822 0.1418616 0.03134834 0.1380494 0.08160018 0.1147366 0.0719437 0.4577546 0.4940572 0.4959837 0.5268951 0.4577546 0.5192909 0.6200157 0.3668845 0.6244562 0.3888456 0.6170142 0.3671194 0.2387599 0.4321295 0.240684 0.4067406 0.2452033 0.4294606 0.2783212 0.1690227 0.2795524 0.1435359 0.2823827 0.1445446 0.6200157 0.3668845 0.6170142 0.3417304 0.6200157 0.3422211 0.2939488 0.1218055 0.2795524 0.1435359 0.2914588 0.1201278 0.627245 0.3177544 0.6170142 0.3417304 0.6244562 0.3165439 0.9234131 0.2285879 0.9304521 0.2525627 0.9275143 0.2528862 0.9258891 0.3680149 0.9327667 0.3919489 0.9297724 0.3922112 0.9234132 0.2751023 0.9304521 0.2525627 0.9262304 0.2754323 0.9258891 0.4139291 0.9327667 0.3919489 0.9287691 0.4143058 0.8556858 0.6235132 0.8579077 0.6466761 0.8556858 0.647118 0.8580541 0.3458135 0.8602887 0.3690122 0.8580541 0.3694435 0.856499 0.6726192 0.8579077 0.6466761 0.8587446 0.6729275 0.2939488 0.2085919 0.2795524 0.1918861 0.2823827 0.1915131 0.8588063 0.3949463 0.8602887 0.3690122 0.8610631 0.3952654 0.3109874 0.9547628 0.3356108 0.9517497 0.3345386 0.9540067 0.2783212 0.1690227 0.2795524 0.1918861 0.2753714 0.1687341 0.6572204 0.9618577 0.6735362 0.9843358 0.6572204 0.988316 0.1442387 0.689188 0.1249255 0.6725959 0.1298571 0.6676644 0.2073947 0.4837425 0.215333 0.4595499 0.2217764 0.4622188 0.2531416 0.4536532 0.2452033 0.4294606 0.2580732 0.4487217 0.4383062 0.7185845 0.4303679 0.7427771 0.4239246 0.7401082 0.2217764 0.4622188 0.2198523 0.4368299 0.2268266 0.4368299 0.4239246 0.7401082 0.4258486 0.765497 0.4188744 0.765497 0.2217764 0.411441 0.2198523 0.4368299 0.215333 0.41411 0.4239246 0.790886 0.4258486 0.765497 0.4303679 0.788217 0.2217764 0.411441 0.2024632 0.394849 0.2073947 0.3899174 0.4239246 0.790886 0.4432378 0.8074781 0.4383062 0.8124096 0.1442387 0.7399657 0.1249255 0.7565579 0.1377954 0.7372968 0.2531416 0.3598281 0.2452033 0.3840206 0.2387599 0.3813518 0.1442387 0.7399657 0.1423147 0.7145769 0.1492889 0.7145769 0.2387599 0.3813518 0.240684 0.4067406 0.2337098 0.4067406 0.1442387 0.689188 0.1423147 0.7145769 0.1377954 0.6918569 0.2840076 0.8903123 0.2575024 0.8746169 0.2846905 0.8738246 0.2152538 0.8714814 0.1873412 0.8887901 0.1880794 0.8723433 0.2846905 0.8738246 0.2575024 0.8531626 0.2846906 0.8523703 0.2152538 0.8500499 0.1880794 0.8723433 0.1880794 0.8509119 0.2846906 0.8523703 0.2568196 0.8300079 0.2840076 0.8292155 0.1267489 0.9680716 0.1481316 0.9945732 0.1267489 0.9952597 0.2145156 0.8268967 0.1880794 0.8509119 0.1873412 0.8277586 0.3865311 0.9651055 0.3651734 0.9929451 0.3651734 0.9657456 0.53582 0.8419361 0.5071756 0.8633298 0.5095314 0.8419787 0.8553881 0.1700916 0.8797007 0.1915511 0.8532424 0.1915259 0.53582 0.8187715 0.5095314 0.8419787 0.5095314 0.8188141 0.8532424 0.1915259 0.8797007 0.214716 0.8532424 0.2146909 0.5334641 0.7973199 0.5095314 0.8188141 0.5071756 0.7973625 0.8532424 0.2146909 0.8818463 0.2360848 0.8553881 0.2360597 0.2661741 0.9553865 0.2496943 0.9860014 0.2496943 0.9597128 0.6594749 0.3195691 0.7668798 0.3623042 0.6581194 0.3623042 0.3054991 0.6257631 0.4119856 0.6586031 0.303179 0.6586031 0.6619872 0.2868201 0.7682353 0.3195691 0.6594749 0.3195691 0.7100951 0.5323482 0.7429729 0.4185547 0.7429729 0.523717 0.7196806 0.1191997 0.7522312 0.005417883 0.7522312 0.1112591 0.679345 0.7267711 0.7219715 0.6169089 0.7221419 0.7220711 0.2026568 0.6259074 0.1599246 0.7360293 0.1600251 0.6301882 0.6331306 0.7267711 0.6791746 0.6216089 0.679345 0.7267711 0.2488718 0.6259074 0.2025563 0.7317485 0.2026568 0.6259074 0.5905342 0.7220711 0.6329601 0.6216089 0.6331306 0.7267711 0.2488718 0.6259074 0.2915337 0.7360293 0.2487713 0.7317485 0.7396609 0.2337703 0.7823204 0.1236402 0.7823204 0.2324007 0.3019322 0.7013873 0.4107551 0.7476021 0.3019485 0.7476021 0.8193533 0.4813083 0.7767437 0.3737785 0.8193534 0.3725017 0.6581194 0.3623042 0.7668874 0.4085193 0.658127 0.4085194 0.303179 0.6586031 0.4107388 0.7013873 0.3019322 0.7013873 0.8424502 0.3159371 0.8166657 0.2923023 0.8448135 0.2923291 0.3109874 0.9836869 0.3345386 0.9540067 0.3345386 0.9829308 0.8298822 0.3957893 0.8580541 0.3694435 0.8588063 0.3949463 0.2291411 0.9899256 0.2056176 0.9616941 0.2291411 0.9609892 0.8267763 0.648035 0.856499 0.6726192 0.8275894 0.6735362 0.8291299 0.3466564 0.8580541 0.3694435 0.8291299 0.3702864 0.8267763 0.6244302 0.8556858 0.647118 0.8267763 0.648035 0.8298822 0.3284967 0.8580541 0.3458135 0.8291299 0.3466564 0.8275894 0.6063156 0.8556858 0.6235132 0.8267763 0.6244302 0.8960992 0.9813724 0.9142502 0.9486401 0.9142502 0.9766073 0.5583544 0.6040995 0.5763248 0.5715679 0.5763248 0.5997156 0.1453444 0.80267 0.1759063 0.8262517 0.1479392 0.826297 0.8448135 0.266815 0.8143025 0.2432525 0.8424502 0.2432792 0.1453444 0.7771562 0.1733116 0.8026247 0.1453444 0.80267 0.8448135 0.2923291 0.8166657 0.2667883 0.8448135 0.266815 0.1479392 0.7536399 0.1733116 0.7771109 0.1453444 0.7771562 0.8579077 0.6223769 0.8601904 0.646791 0.8579077 0.6466761 0.8610631 0.3259931 0.8625667 0.345156 0.8602887 0.3446871 0.8587446 0.6037293 0.8601904 0.622842 0.8579077 0.6223769 0.4004184 0.5740103 0.3980128 0.5548913 0.4004184 0.5546922 0.7314001 0.2684887 0.7289981 0.2496937 0.7314001 0.2494471 0.06824785 0.0810095 0.06796139 0.05650001 0.07059401 0.08047157 0.02765637 0.0687071 0.02771335 0.09312617 0.0253157 0.06924712 0.06557673 0.03042304 0.06796139 0.05650001 0.06557673 0.05668741 0.03008919 0.09293538 0.02771335 0.1190122 0.02771335 0.09312617 0.06824785 0.006214857 0.06796139 0.03061425 0.06557673 0.03042304 0.02765637 0.1435025 0.02771335 0.1190122 0.03008919 0.1192001 0.3356108 0.9517497 0.3111755 0.9502501 0.33507 0.949483 0.8602887 0.3690122 0.8633299 0.3950052 0.8610631 0.3952654 0.2800614 0.3377996 0.2777832 0.3140481 0.2800614 0.3135731 0.8579077 0.6466761 0.8610153 0.6726641 0.8587446 0.6729275 0.8602887 0.3446871 0.8625667 0.3691306 0.8602887 0.3690122 0.8322793 0.9656392 0.8342425 0.9656392 0.8387961 0.9813724 0.376263 0.9435334 0.3742341 0.9449201 0.3720098 0.9292477 0.9356688 0.759715 0.9336526 0.7583245 0.9457007 0.7517101 0.9311186 0.7740961 0.928662 0.7740973 0.9336526 0.7583245 0.3720098 0.9292477 0.3695694 0.929252 0.3742343 0.9134571 0.946654 0.7942557 0.9457007 0.7962077 0.9356688 0.7884033 0.3865311 0.949335 0.385496 0.9512832 0.376263 0.9435334 0.9356688 0.7884033 0.9336525 0.7897891 0.9311186 0.7740961 0.376263 0.9148464 0.3742343 0.9134571 0.385496 0.9067878 0.8719541 0.2777801 0.8566076 0.277835 0.8632049 0.2554965 0.8762074 0.2633788 0.8632049 0.2554965 0.8791322 0.2460641 0.8762073 0.2920657 0.8632049 0.2999941 0.8566076 0.277835 0.9508142 0.06249302 0.9500629 0.06067925 0.9628558 0.05045139 0.3545305 0.84863 0.3564419 0.849437 0.3564419 0.8649503 0.9628558 0.05045139 0.9610421 0.04970008 0.9628558 0.03342199 0.7730621 0.8124097 0.7712485 0.8116585 0.7712484 0.7961315 0.9628558 0.03342199 0.9610421 0.03417325 0.9500629 0.02319389 0.8336778 0.487553 0.8355553 0.4883493 0.8355553 0.5038679 0.8387961 0.9499062 0.8401843 0.9512943 0.8322793 0.9656392 0.6295596 0.8731094 0.6227988 0.8841609 0.6185745 0.8672569 0.8864755 0.2978674 0.8791322 0.3089933 0.8632049 0.2999941 0.6185745 0.8672569 0.6057592 0.875083 0.6140243 0.8529497 0.6140243 0.8529497 0.5987012 0.8528904 0.6185746 0.8385686 0.6185746 0.8385686 0.6057592 0.8305832 0.6295596 0.8325378 0.1610576 0.9679536 0.1630208 0.9679536 0.1675745 0.9836868 0.3508028 0.9412187 0.348774 0.9426054 0.3465496 0.926933 0.6972694 0.9124757 0.6952531 0.9110853 0.7073013 0.9044709 0.6927192 0.9268569 0.6902626 0.9268581 0.6952531 0.9110853 0.3465496 0.926933 0.3441093 0.9269374 0.3487741 0.9111424 0.7082546 0.9470164 0.7073012 0.9489685 0.6972694 0.9411641 0.3610709 0.9470203 0.3600358 0.9489685 0.3508028 0.9412187 0.6972694 0.9411641 0.695253 0.9425499 0.6927192 0.9268569 0.3508028 0.9125317 0.3487741 0.9111424 0.3600358 0.9044731 0.5851141 0.9651705 0.5843629 0.9633567 0.5971557 0.9531289 0.4123945 0.8416863 0.4143058 0.8424934 0.4143058 0.8580067 0.5971557 0.9531289 0.595342 0.9523776 0.5971558 0.9360994 0.784635 0.8147242 0.7828213 0.813973 0.7828212 0.7984461 0.5971558 0.9360994 0.595342 0.9368507 0.5843629 0.9258713 0.8128468 0.3278487 0.8147243 0.3286448 0.8147243 0.3441634 0.1675745 0.9522206 0.1689627 0.9536088 0.1610576 0.9679536 0.6442314 0.988316 0.6369597 0.9876547 0.6384897 0.9722117 0.6457615 0.972873 0.6384897 0.9722117 0.6369597 0.9606873 0.02258676 0.5181949 0.03008919 0.5179527 0.03008919 0.5321059 0.9843286 0.7314001 0.9771074 0.7307009 0.9787802 0.7152781 0.9808129 0.07779705 0.988316 0.07777678 0.9878579 0.09190583 0.4513387 0.3356108 0.443835 0.3354091 0.443835 0.3208745 0.9803547 0.09192609 0.9878579 0.09190583 0.988316 0.1064493 0.9860014 0.7159773 0.9787802 0.7152781 0.9771074 0.7036185 0.8342425 0.9656392 0.8401843 0.9799843 0.8387961 0.9813724 0.3742341 0.9449201 0.3695694 0.929252 0.3720098 0.9292477 0.946654 0.7536842 0.9356688 0.759715 0.9457007 0.7517101 0.9356688 0.759715 0.9311186 0.7740961 0.9336526 0.7583245 0.376263 0.9148464 0.3720098 0.9292477 0.3742343 0.9134571 0.9457007 0.7962077 0.9336525 0.7897891 0.9356688 0.7884033 0.385496 0.9512832 0.3742341 0.9449201 0.376263 0.9435334 0.9336525 0.7897891 0.928662 0.7740973 0.9311186 0.7740961 0.3865311 0.9087655 0.376263 0.9148464 0.385496 0.9067878 0.8762074 0.2633788 0.8719541 0.2777801 0.8632049 0.2554965 0.8864755 0.2572979 0.8762074 0.2633788 0.8791322 0.2460641 0.8719541 0.2777801 0.8762073 0.2920657 0.8566076 0.277835 0.9500629 0.06067925 0.9610421 0.04970008 0.9628558 0.05045139 0.3545305 0.8656445 0.3545305 0.84863 0.3564419 0.8649503 0.9610421 0.04970008 0.9610421 0.03417325 0.9628558 0.03342199 0.7730621 0.7953802 0.7730621 0.8124097 0.7712484 0.7961315 0.9508142 0.02138012 0.9628558 0.03342199 0.9500629 0.02319389 0.8336778 0.5045735 0.8336778 0.487553 0.8355553 0.5038679 0.8401843 0.9512943 0.8342425 0.9656392 0.8322793 0.9656392 0.6227988 0.8841609 0.6057592 0.875083 0.6185745 0.8672569 0.8762073 0.2920657 0.8864755 0.2978674 0.8632049 0.2999941 0.6057592 0.875083 0.5987012 0.8528904 0.6140243 0.8529497 0.5987012 0.8528904 0.6057592 0.8305832 0.6185746 0.8385686 0.6057592 0.8305832 0.6227988 0.8212285 0.6295596 0.8325378 0.1630208 0.9679536 0.1689627 0.9822987 0.1675745 0.9836868 0.348774 0.9426054 0.3441093 0.9269374 0.3465496 0.926933 0.7082546 0.906445 0.6972694 0.9124757 0.7073013 0.9044709 0.6972694 0.9124757 0.6927192 0.9268569 0.6952531 0.9110853 0.3508028 0.9125317 0.3465496 0.926933 0.3487741 0.9111424 0.7073012 0.9489685 0.695253 0.9425499 0.6972694 0.9411641 0.3600358 0.9489685 0.348774 0.9426054 0.3508028 0.9412187 0.695253 0.9425499 0.6902626 0.9268581 0.6927192 0.9268569 0.3610709 0.9064508 0.3508028 0.9125317 0.3600358 0.9044731 0.5843629 0.9633567 0.595342 0.9523776 0.5971557 0.9531289 0.4123945 0.8587008 0.4123945 0.8416863 0.4143058 0.8580067 0.595342 0.9523776 0.595342 0.9368507 0.5971558 0.9360994 0.784635 0.7976948 0.784635 0.8147242 0.7828212 0.7984461 0.5851141 0.9240576 0.5971558 0.9360994 0.5843629 0.9258713 0.8128468 0.3448691 0.8128468 0.3278487 0.8147243 0.3441634 0.1689627 0.9536088 0.1630208 0.9679536 0.1610576 0.9679536 0.6457615 0.972873 0.6442314 0.988316 0.6384897 0.9722117 0.6442314 0.9613487 0.6457615 0.972873 0.6369597 0.9606873 0.02258676 0.5323482 0.02258676 0.5181949 0.03008919 0.5321059 0.9860014 0.7159773 0.9843286 0.7314001 0.9787802 0.7152781 0.9803547 0.09192609 0.9808129 0.07779705 0.9878579 0.09190583 0.4513387 0.3210763 0.4513387 0.3356108 0.443835 0.3208745 0.9808129 0.1064696 0.9803547 0.09192609 0.988316 0.1064493 0.9843286 0.7043177 0.9860014 0.7159773 0.9771074 0.7036185 0.8364318 0.8844896 0.836432 0.8604052 0.8655042 0.8724474 0.8945766 0.8844897 0.8775461 0.90152 0.8655042 0.8724474 0.8775466 0.8433748 0.8945766 0.8604052 0.8655042 0.8724474 0.836432 0.8604052 0.8534623 0.8433748 0.8655042 0.8724474 0.8775461 0.90152 0.8534618 0.90152 0.8655042 0.8724474 0.8534623 0.8433748 0.8775466 0.8433748 0.8655042 0.8724474 0.8534618 0.90152 0.8364318 0.8844896 0.8655042 0.8724474 0.8945766 0.8604052 0.8945766 0.8844897 0.8655042 0.8724474 0.4374514 0.2375905 0.4350781 0.261545 0.4297247 0.2610581 0.5708016 0.02777463 0.5708016 0.00582093 0.5763248 0.005642592 0.3008925 0.1658707 0.2982978 0.1897937 0.2929816 0.189279 0.01157277 0.5190613 0.01157277 0.5416064 0.006048679 0.5414579 0.9457595 0.6804799 0.9450489 0.657921 0.9505726 0.657906 0.9450489 0.657921 0.9457595 0.6360046 0.9512832 0.6359897 0.2982978 0.1477848 0.3008925 0.1658707 0.2955763 0.1653559 0.4350781 0.2197146 0.4374514 0.2375905 0.4320979 0.2371037 0.4320979 0.2371037 0.4374514 0.2375905 0.4297247 0.2610581 0.5763248 0.02759629 0.5708016 0.02777463 0.5763248 0.005642592 0.2955763 0.1653559 0.3008925 0.1658707 0.2929816 0.189279 0.006048679 0.5189127 0.01157277 0.5190613 0.006048679 0.5414579 0.9512832 0.680465 0.9457595 0.6804799 0.9505726 0.657906 0.9505726 0.657906 0.9450489 0.657921 0.9512832 0.6359897 0.2929816 0.1472702 0.2982978 0.1477848 0.2955763 0.1653559 0.4297247 0.2192277 0.4350781 0.2197146 0.4320979 0.2371037 0.426521 0.814095 0.4268827 0.8357325 0.4182416 0.8168436 0.4953153 0.8157937 0.4858721 0.8410739 0.4868455 0.8160969 0.4888678 0.860648 0.4857828 0.8633299 0.4792959 0.8599945 0.5478852 0.114811 0.5461353 0.09451991 0.5552542 0.09566736 0.3985917 0.1041551 0.3956016 0.101701 0.4050475 0.1005462 0.5478852 0.114811 0.5442441 0.1168851 0.5383728 0.1132545 0.5430608 0.04162293 0.5477763 0.04348015 0.5383728 0.04351621 0.6135526 0.7368265 0.6117644 0.7604284 0.6040177 0.7369327 0.6203014 0.7606682 0.6107656 0.7871786 0.6117644 0.7604284 0.2106602 0.241181 0.2129393 0.2376905 0.2129393 0.245343 0.4621373 0.7962449 0.4616516 0.8198525 0.4527392 0.7970064 0.7800058 0.03096008 0.7702797 0.05695384 0.771385 0.03043377 0.4622461 0.8633298 0.4605025 0.8450677 0.4696155 0.8453801 0.4698551 0.8192951 0.4605025 0.8450677 0.4616516 0.8198525 0.01554608 0.3332962 0.01211494 0.3312086 0.02198833 0.3294584 0.01224255 0.2596923 0.0166856 0.2578412 0.02198833 0.2595443 0.07043129 0.8553856 0.0670489 0.837985 0.07510572 0.8362688 0.07030016 0.7960875 0.0677722 0.8151872 0.06216293 0.7989681 0.07522314 0.8130778 0.0670489 0.837985 0.0677722 0.8151872 0.07043129 0.8553856 0.06813889 0.8587008 0.06216293 0.8569541 0.09738487 0.2288928 0.09952598 0.2254313 0.09952598 0.2337703 0.7726866 0.07761847 0.7702797 0.05695384 0.779786 0.05835992 0.772562 0.007213473 0.771385 0.03043377 0.7628133 0.007021605 0.7726866 0.07761847 0.7691842 0.07985222 0.7628133 0.07584053 0.7680265 0.005623281 0.772562 0.007213473 0.7628133 0.007021605 0.3067258 0.9365594 0.3007172 0.9174785 0.3092046 0.9161904 0.9860014 0.3880854 0.9776298 0.4103658 0.9776298 0.3863149 0.3056727 0.8901107 0.3007172 0.9174785 0.2979528 0.8919761 0.9822272 0.3850743 0.9860014 0.3880854 0.9776298 0.3863149 0.5504264 0.5164672 0.5480986 0.4962531 0.5575851 0.4975169 0.5503035 0.4452872 0.5492133 0.4695195 0.540568 0.4451954 0.5578083 0.4698392 0.5480986 0.4962531 0.5492133 0.4695195 0.04138952 0.9707729 0.04531919 0.9699456 0.04078501 0.9767433 0.8329212 0.1601979 0.8376077 0.1582686 0.8424989 0.1605423 0.426603 0.8734253 0.4257685 0.8582174 0.4337345 0.8564317 0.4339795 0.8333227 0.4257685 0.8582174 0.4268827 0.8357325 0.395736 0.03154546 0.3996074 0.03025585 0.4050475 0.03196376 0.4888678 0.860648 0.4858721 0.8410739 0.4951345 0.8414527 0.488734 0.79484 0.4868455 0.8160969 0.4792959 0.7956661 0.8337642 0.5948413 0.8303064 0.5925598 0.8401844 0.5908672 0.9022834 0.3276211 0.8978402 0.3263593 0.9049919 0.3253277 0.5477763 0.04348015 0.5472843 0.06770545 0.5383728 0.04351621 0.5554938 0.06792479 0.5461353 0.09451991 0.5472843 0.06770545 0.6136857 0.8077991 0.6107656 0.7871786 0.6201136 0.7882916 0.6136857 0.8077991 0.6105201 0.8100951 0.6040177 0.8063129 0.8561953 0.5610882 0.8528062 0.5802252 0.8481941 0.5603005 0.8348495 0.08201414 0.833768 0.100814 0.8265168 0.08200794 0.8328133 0.5719625 0.8303064 0.5925598 0.8232957 0.5732934 0.8347839 0.2100684 0.8328064 0.2291411 0.8254788 0.2108344 0.398674 0.08123844 0.3956016 0.101701 0.3895254 0.08204704 0.8632963 0.1289381 0.8631595 0.1451105 0.8565588 0.1267862 0.4158146 0.2563697 0.413973 0.2768236 0.406615 0.2576382 0.9342288 0.03150236 0.9279985 0.05000704 0.9251689 0.03010582 0.01467406 0.3106588 0.01211494 0.3312086 0.005157172 0.3120031 0.8554818 0.5360077 0.852937 0.5144638 0.8610153 0.5164731 0.8561953 0.5610882 0.848079 0.5346327 0.8554818 0.5360077 0.8337172 0.05616152 0.8338577 0.03222292 0.8424989 0.03335511 0.8348495 0.08201414 0.8262713 0.05531889 0.8337172 0.05616152 0.8317221 0.5455805 0.8304331 0.5225718 0.8401844 0.5224563 0.8328133 0.5719625 0.8230805 0.5460508 0.8317221 0.5455805 0.8336419 0.1841791 0.8329212 0.1601979 0.8424989 0.1605423 0.8347839 0.2100684 0.8252442 0.1840308 0.8336419 0.1841791 0.3977305 0.05473762 0.395736 0.03154546 0.4050475 0.03196376 0.398674 0.08123844 0.3893526 0.05472666 0.3977305 0.05473762 0.8622634 0.1053117 0.8632181 0.08298683 0.8702736 0.08618396 0.8632963 0.1289381 0.8563225 0.1025671 0.8622634 0.1053117 0.4146674 0.2294996 0.4140843 0.2053433 0.423564 0.2052662 0.4158146 0.2563697 0.4063772 0.229837 0.4146674 0.2294996 0.3055216 0.07256364 0.2967014 0.0517432 0.3055216 0.05002278 0.9342288 0.03150236 0.9292057 0.005158007 0.9373958 0.007057845 0.01359134 0.283774 0.01224255 0.2596923 0.02198833 0.2595443 0.01467406 0.3106588 0.004944741 0.284187 0.01359134 0.283774 0.2800614 0.04625833 0.2800614 0.05323475 0.2776175 0.0522173 0.9373958 0.05120116 0.9304997 0.05323481 0.9279985 0.05000704 0.8424989 0.1004371 0.837356 0.1029978 0.833768 0.100814 0.540568 0.5147858 0.5504264 0.5164672 0.5468939 0.5184608 0.8610153 0.5807733 0.8550677 0.5832685 0.8528062 0.5802252 0.423564 0.2751474 0.417608 0.2789041 0.413973 0.2768236 0.05534702 0.2129393 0.05534702 0.2044216 0.05786395 0.206265 0.2979528 0.9376052 0.3067258 0.9365594 0.3045424 0.9397104 0.1805354 0.1134133 0.1785137 0.1062726 0.1805354 0.1034234 0.1806255 0.1365588 0.1806255 0.1280863 0.18285 0.1317678 0.4182416 0.8168436 0.4219486 0.8132097 0.426521 0.814095 0.3055216 0.05002278 0.2967014 0.0517432 0.3004856 0.0487045 0.8424989 0.03335511 0.8338577 0.03222292 0.8385046 0.03068053 0.540568 0.4451954 0.545729 0.4433354 0.5503035 0.4452872 0.2802981 0.1087842 0.2802981 0.1016408 0.282376 0.1043148 0.423564 0.2052662 0.4140843 0.2053433 0.4187918 0.2034851 0.4527392 0.7970064 0.4574214 0.7944502 0.4621373 0.7962449 0.8702736 0.08618396 0.8632181 0.08298683 0.8674569 0.08240365 0.3438764 0.7592844 0.3483409 0.795207 0.3443609 0.7949392 0.3443609 0.7949392 0.3246473 0.7635434 0.3438764 0.7592844 0.3848851 0.766367 0.3630954 0.7972887 0.364767 0.7626566 0.364767 0.7626566 0.3594223 0.7978345 0.361078 0.7635312 0.8774268 0.709147 0.8695104 0.6904454 0.8738506 0.6888651 0.8965761 0.6527052 0.8785841 0.6246656 0.9015201 0.6246656 0.8774268 0.709147 0.8954188 0.6811074 0.9003629 0.709147 0.8785841 0.6246656 0.8706676 0.6433672 0.8739652 0.6246656 0.364767 0.835371 0.3594223 0.7978345 0.3630954 0.7972887 0.3630954 0.7972887 0.3848851 0.8333268 0.364767 0.835371 0.1098463 0.8427273 0.1317545 0.8071351 0.130002 0.8443453 0.130002 0.8443453 0.1354016 0.8079566 0.1336658 0.8448135 0.8785841 0.6246656 0.8706676 0.6059641 0.8750079 0.6043839 0.3989461 0.9003628 0.3809542 0.8723232 0.4038903 0.8723232 0.8785841 0.6246656 0.8965761 0.5966261 0.9015201 0.6246656 0.3809542 0.8723232 0.3730377 0.8910248 0.3763353 0.8723232 0.9605413 0.5553264 0.9571633 0.5179101 0.9605413 0.5173825 0.1317545 0.8071351 0.1098464 0.7788574 0.130002 0.7749863 0.3092046 0.9161904 0.3303744 0.9387728 0.3067258 0.9365594 0.9651705 0.6344966 0.9619765 0.6712216 0.9619765 0.6356081 0.3809542 0.8723232 0.3730377 0.8536217 0.3773779 0.8520414 0.03085672 0.8566198 0.01286482 0.8285803 0.03580087 0.8285803 0.3809542 0.8723232 0.3989461 0.8442836 0.4038903 0.8723232 0.01286482 0.8285803 0.004948318 0.8472818 0.008245944 0.8285803 0.04531919 0.9699456 0.04078501 0.9410722 0.04470884 0.9399601 0.04470884 0.9399601 0.06480759 0.9724389 0.04531919 0.9699456 0.2706485 0.7486676 0.2508668 0.7810495 0.2513853 0.7447301 0.2513853 0.7447301 0.2468938 0.7812534 0.2474074 0.7452787 0.01286482 0.8285803 0.004948318 0.8098787 0.009288609 0.8082985 0.8942614 0.5740103 0.8762695 0.5459707 0.8992055 0.5459707 0.01286482 0.8285803 0.03085672 0.8005407 0.03580087 0.8285803 0.8762695 0.5459707 0.868353 0.5646722 0.8716506 0.5459707 0.2513853 0.8193533 0.2468938 0.7812534 0.2508668 0.7810495 0.2508668 0.7810495 0.2706485 0.8173851 0.2513853 0.8193533 0.1827033 0.9225006 0.2175684 0.9450774 0.1820157 0.941845 0.1820157 0.941845 0.2165457 0.9489684 0.1813305 0.9457669 0.8762695 0.5459707 0.868353 0.5272691 0.8726932 0.5256889 0.7934449 0.8384973 0.8114368 0.8665369 0.7885008 0.8665369 0.8762695 0.5459707 0.8942614 0.5179311 0.8992055 0.5459707 0.8114368 0.8665369 0.8193533 0.8478353 0.8160557 0.8665369 0.9318822 0.9328333 0.898545 0.9373958 0.8973324 0.9338477 0.8973324 0.9338477 0.9310083 0.9124955 0.9318822 0.9328333 0.2105087 0.8142172 0.2324438 0.7789977 0.2306726 0.8170388 0.2306726 0.8170388 0.2360848 0.7791174 0.2343305 0.8167974 0.8114368 0.8665369 0.8193533 0.8852384 0.8150131 0.8868187 0.8757669 0.3201836 0.8957419 0.3468468 0.8728661 0.3485077 0.8114368 0.8665369 0.7934449 0.8945764 0.7885008 0.8665369 0.8957419 0.3468468 0.9022834 0.3276211 0.9003487 0.3465123 0.7208864 0.9200528 0.7244565 0.9582268 0.7208864 0.9582002 0.2324438 0.7789977 0.2105088 0.7448317 0.2306726 0.7416901 0.1472659 0.8916807 0.17012 0.8610405 0.1675941 0.8934192 0.4487153 0.2023665 0.4501483 0.2405514 0.4452572 0.2033351 0.8957419 0.3468468 0.9049919 0.364926 0.9007775 0.3668164 0.6704739 0.8336505 0.6833235 0.8643884 0.6607359 0.8604056 0.8957419 0.3468468 0.8798277 0.3761156 0.8728661 0.3485077 0.6833235 0.8643884 0.6943672 0.8473456 0.6878722 0.8651904 0.4487153 0.2751548 0.4501483 0.2405514 0.4536532 0.2399395 0.17012 0.8610405 0.1475321 0.8396153 0.1678832 0.8368792 0.7587502 0.799744 0.7385678 0.8237639 0.7395533 0.7937301 0.7395533 0.7937301 0.7345899 0.8243591 0.735566 0.7946104 0.6833235 0.8643884 0.6878722 0.8841804 0.6833235 0.884983 0.3158668 0.8451357 0.3384544 0.869625 0.3158668 0.8736078 0.6833235 0.8643884 0.6607359 0.8888777 0.6607359 0.8604056 0.3384544 0.869625 0.3430032 0.8498329 0.3430032 0.868823 0.7385678 0.8601193 0.7345899 0.8243591 0.7385678 0.8237639 0.7385678 0.8237639 0.7578427 0.8608791 0.7385678 0.8601193 0.3246473 0.8316468 0.3443609 0.7949392 0.3438765 0.8332407 0.3438765 0.8332407 0.3483409 0.795207 0.3478609 0.8331449 0.3384544 0.869625 0.3494982 0.8866678 0.3454982 0.8889777 0.8954188 0.7371866 0.8774268 0.709147 0.9003629 0.709147 0.3384544 0.869625 0.3256049 0.9003629 0.3158668 0.8736078 0.8774268 0.709147 0.8695104 0.7278485 0.8728079 0.709147 0.3041087 0.8000197 0.3246473 0.7635434 0.3250934 0.7963765 0.3848851 0.766367 0.4072773 0.8020596 0.3833459 0.7982584 0.4072773 0.8020596 0.3848851 0.8333268 0.3833459 0.7982584 0.1098463 0.8427273 0.08735203 0.8139379 0.1114601 0.8084619 0.08735203 0.8139379 0.1098464 0.7788574 0.1114601 0.8084619 0.04942208 0.8633299 0.03580087 0.8285803 0.05554938 0.8285803 0.03580087 0.8285803 0.04942208 0.7938306 0.05554938 0.8285803 0.2706485 0.7486676 0.291249 0.784829 0.270171 0.7821127 0.291249 0.784829 0.2706485 0.8173851 0.270171 0.7821127 0.1827033 0.9225006 0.2077476 0.9035505 0.2154423 0.9254772 0.9070948 0.8887286 0.9310083 0.9124955 0.8991929 0.9134296 0.2105087 0.8142172 0.1879913 0.779977 0.2121397 0.7791867 0.1879913 0.779977 0.2105088 0.7448317 0.2121397 0.7791867 0.1472659 0.8916807 0.1242237 0.8693604 0.1495919 0.8618644 0.6607359 0.8604056 0.6412875 0.892262 0.6412875 0.8569763 0.2964184 0.8417514 0.3158668 0.8736078 0.2964184 0.8770371 0.7788485 0.8363163 0.7578427 0.8608791 0.7578427 0.8274009 0.3246473 0.8316468 0.3041087 0.8000197 0.3250934 0.7963765 0.9697995 0.1110988 0.9549228 0.1074697 0.9549228 0.07218104 0.5691433 0.1412207 0.5633185 0.138808 0.5723347 0.0934807 0.9674849 0.7360293 0.9527688 0.7321659 0.9527688 0.6963647 0.6673559 0.2749335 0.6516285 0.2754324 0.6531797 0.2408737 0.6392844 0.4618334 0.6550198 0.4613748 0.6535847 0.4960194 0.6689071 0.2403748 0.6531797 0.2408737 0.6531797 0.1958412 0.6378494 0.496478 0.6535847 0.4960194 0.6535847 0.5411 0.6689071 0.1953423 0.6531797 0.1958412 0.6516284 0.1471908 0.9443393 0.564752 0.9286044 0.5642805 0.9286044 0.5193827 0.6378494 0.5415586 0.6535847 0.5411 0.6550198 0.5897536 0.68048 0.9443393 0.6647527 0.9438344 0.6647527 0.8988811 0.6366239 0.3066788 0.6213109 0.3066643 0.6258195 0.2616257 0.009518563 0.626924 0.009493947 0.6117093 0.05435764 0.6166595 0.6411324 0.2616403 0.6258195 0.2616257 0.6258195 0.2129507 0.05438226 0.6318742 0.05435764 0.6166595 0.1030321 0.6166595 0.6411324 0.2129653 0.6258195 0.2129507 0.6213109 0.1680498 0.1030567 0.6318742 0.1030321 0.6166595 0.148107 0.6117093 0.6657013 0.4526094 0.6976338 0.4516788 0.6976338 0.4944812 0.2447926 0.5309368 0.2925326 0.5214407 0.2925326 0.5277454 0.5691433 0.04574072 0.5786394 0.0934807 0.5723347 0.0934807 0.2043206 0.5579794 0.2447926 0.5309368 0.2472053 0.5367616 0.5421007 0.005268692 0.5691433 0.04574072 0.5633185 0.04815346 0.1944228 0.5533503 0.1899647 0.5578083 0.151538 0.5321325 0.1932655 0.5741813 0.1888074 0.5786394 0.1503807 0.5529635 0.1539508 0.5263077 0.151538 0.5321325 0.1062107 0.5231164 0.1527935 0.5471387 0.1503807 0.5529635 0.1050535 0.5439473 0.05847072 0.5263077 0.1062107 0.5168116 0.1062107 0.5231164 0.0573135 0.5471387 0.1050535 0.5376427 0.1050535 0.5439473 0.01799869 0.5533503 0.05847072 0.5263077 0.06088346 0.5321325 0.3807447 0.5579794 0.3762866 0.5624374 0.3378599 0.5367616 0.01684147 0.5741813 0.0573135 0.5471387 0.05972617 0.5529635 0.5421007 0.1816927 0.5376427 0.1772347 0.5633185 0.138808 0.3402727 0.5309368 0.3378599 0.5367616 0.2925326 0.5277454 0.7035639 0.1464472 0.7113062 0.142475 0.726771 0.1867457 0.6748653 0.08226621 0.7067817 0.08125388 0.7082545 0.1274456 0.5740102 0.9651704 0.5420784 0.9642134 0.5420784 0.9215847 0.6657013 0.4954118 0.6976338 0.4944812 0.6989963 0.5406759 0.8841609 0.9582267 0.8522447 0.9572021 0.8522447 0.9145206 0.5624375 0.6355171 0.5624079 0.6665925 0.5196455 0.6623118 0.6357165 0.004951059 0.6665926 0.004900991 0.6618926 0.04749739 0.519675 0.6312364 0.5196455 0.6623118 0.4734305 0.6623118 0.6310166 0.04754745 0.6618926 0.04749739 0.6618926 0.09371191 0.4734601 0.6312364 0.4734305 0.6623118 0.4307988 0.6665925 0.6310166 0.09376192 0.6618926 0.09371191 0.6665926 0.1365088 0.4999444 0.9767433 0.4697543 0.9693785 0.4697543 0.9358733 0.9767432 0.6226159 0.9468791 0.614776 0.946879 0.580784 0.676338 0.006697535 0.7082545 0.005685091 0.7067817 0.03849726 0.6670638 0.4197157 0.6989963 0.4187852 0.6976338 0.4516788 0.6748653 0.03950959 0.7067817 0.03849726 0.7067817 0.08125388 0.5334634 0.6119582 0.5334554 0.6204081 0.4846321 0.6204081 0.6928298 0.1892383 0.7013109 0.1873633 0.7013109 0.230594 0.7182026 0.1883529 0.726771 0.1867457 0.726771 0.2289639 0.6775349 0.2638386 0.6928299 0.2301594 0.7013109 0.230594 0.7035639 0.2602515 0.7182026 0.2283156 0.726771 0.2289639 0.08689606 0.6573343 0.08544558 0.6523015 0.1342443 0.6507456 0.3703095 0.02677142 0.4012452 0.005821168 0.4050475 0.01291465 0.6328772 0.4004853 0.6379537 0.399065 0.6393931 0.4478669 0.5430294 0.5606356 0.5724508 0.5407868 0.5763248 0.5479922 0.3703095 0.02677142 0.3723658 0.03504729 0.3293285 0.04281926 0.5430294 0.5606356 0.545243 0.5689614 0.5031923 0.5763248 0.285233 0.02677142 0.3295714 0.03412818 0.3293285 0.04281926 0.4590983 0.5606356 0.5032254 0.5676057 0.5031923 0.5763248 0.285233 0.02677142 0.2824876 0.03504735 0.2389743 0.01291465 0.4590983 0.5606356 0.4565748 0.5689614 0.4124874 0.5479922 0.6928298 0.1892383 0.6775349 0.1473052 0.6851527 0.1430636 0.1147366 0.0719437 0.1380494 0.08160018 0.1304452 0.1198292 0.4641886 0.4703814 0.4642022 0.4787772 0.4153794 0.4787772 0.4846401 0.6119582 0.4846321 0.6204081 0.4395943 0.6249305 0.4153658 0.4703814 0.4153794 0.4787772 0.3701671 0.4837425 0.9697996 0.3726437 0.9615904 0.3706411 0.9615904 0.3352449 0.4073621 0.9651704 0.3992415 0.9630385 0.3992415 0.9271281 0.005611836 0.6507456 0.005336582 0.642067 0.04000055 0.6436228 0.6393931 0.3190968 0.6480761 0.3188437 0.6466367 0.3535939 0.04027587 0.6523015 0.04000055 0.6436228 0.08517026 0.6436228 0.6379537 0.353847 0.6466367 0.3535939 0.6466367 0.398812 0.08544558 0.6523015 0.08517026 0.6436228 0.1339691 0.642067 0.9443394 0.1689627 0.9356566 0.1687025 0.9356566 0.1236679 0.6379537 0.399065 0.6466367 0.398812 0.6480761 0.4476138 0.9350812 0.6827945 0.9264027 0.6825158 0.9264027 0.6374255 0.5786393 0.6164805 0.5786313 0.6249305 0.5334554 0.6204081 0.5091891 0.4753468 0.5092027 0.4837425 0.4642022 0.4787772 0.4577546 0.4940572 0.4577546 0.5192909 0.4195256 0.5268951 0.1052116 0.1198293 0.1304452 0.1198292 0.1380494 0.1580583 0.3692737 0.5307072 0.4098691 0.5035822 0.4195256 0.5268951 0.3795874 0.5052471 0.3617446 0.52309 0.3293356 0.5014349 0.1418616 0.2083102 0.1147366 0.1677148 0.1380494 0.1580583 0.279006 0.300118 0.2968488 0.2822752 0.3292579 0.3039302 0.2911065 0.4685971 0.3389921 0.4781221 0.3293356 0.5014349 0.3674869 0.336768 0.3196014 0.327243 0.3292579 0.3039302 0.2911065 0.4685971 0.2911065 0.4938306 0.2528774 0.5014349 0.3674869 0.336768 0.3674869 0.3115344 0.405716 0.3039302 0.2026256 0.5052471 0.2432209 0.4781221 0.2528774 0.5014349 0.4559678 0.300118 0.4153725 0.327243 0.405716 0.3039302 0.5462356 0.5307072 0.5283927 0.5485501 0.4959837 0.5268951 0.1418616 0.03134834 0.1597045 0.04919123 0.1380494 0.08160018 0.4577546 0.4940572 0.5056402 0.5035822 0.4959837 0.5268951 0.6200157 0.3668845 0.627245 0.3879898 0.6244562 0.3888456 0.2387599 0.4321295 0.2337098 0.4067406 0.240684 0.4067406 0.2783212 0.1690227 0.2753714 0.1687341 0.2795524 0.1435359 0.6200157 0.3668845 0.6170142 0.3671194 0.6170142 0.3417304 0.2939488 0.1218055 0.2823827 0.1445446 0.2795524 0.1435359 0.627245 0.3177544 0.6200157 0.3422211 0.6170142 0.3417304 0.9234131 0.2285879 0.9262304 0.2275495 0.9304521 0.2525627 0.9258891 0.3680149 0.9287691 0.3670408 0.9327667 0.3919489 0.9234132 0.2751023 0.9275143 0.2528862 0.9304521 0.2525627 0.9258891 0.4139291 0.9297724 0.3922112 0.9327667 0.3919489 0.8556858 0.6235132 0.8579077 0.6223769 0.8579077 0.6466761 0.8580541 0.3458135 0.8602887 0.3446871 0.8602887 0.3690122 0.856499 0.6726192 0.8556858 0.647118 0.8579077 0.6466761 0.2939488 0.2085919 0.2914588 0.2094674 0.2795524 0.1918861 0.8588063 0.3949463 0.8580541 0.3694435 0.8602887 0.3690122 0.3109874 0.9547628 0.3113668 0.9525281 0.3356108 0.9517497 0.2783212 0.1690227 0.2823827 0.1915131 0.2795524 0.1918861 0.6572204 0.9618577 0.6735362 0.9578775 0.6735362 0.9843358 0.1442387 0.689188 0.1377954 0.6918569 0.1249255 0.6725959 0.2073947 0.4837425 0.2024632 0.478811 0.215333 0.4595499 0.2531416 0.4536532 0.2387599 0.4321295 0.2452033 0.4294606 0.4383062 0.7185845 0.4432378 0.7235161 0.4303679 0.7427771 0.2217764 0.4622188 0.215333 0.4595499 0.2198523 0.4368299 0.4239246 0.7401082 0.4303679 0.7427771 0.4258486 0.765497 0.2217764 0.411441 0.2268266 0.4368299 0.2198523 0.4368299 0.4239246 0.790886 0.4188744 0.765497 0.4258486 0.765497 0.2217764 0.411441 0.215333 0.41411 0.2024632 0.394849 0.4239246 0.790886 0.4303679 0.788217 0.4432378 0.8074781 0.1442387 0.7399657 0.1298571 0.7614894 0.1249255 0.7565579 0.2531416 0.3598281 0.2580732 0.3647596 0.2452033 0.3840206 0.1442387 0.7399657 0.1377954 0.7372968 0.1423147 0.7145769 0.2387599 0.3813518 0.2452033 0.3840206 0.240684 0.4067406 0.1442387 0.689188 0.1492889 0.7145769 0.1423147 0.7145769 0.2840076 0.8903123 0.2568196 0.8911046 0.2575024 0.8746169 0.2152538 0.8714814 0.2145156 0.8879281 0.1873412 0.8887901 0.2846905 0.8738246 0.2575024 0.8746169 0.2575024 0.8531626 0.2152538 0.8500499 0.2152538 0.8714814 0.1880794 0.8723433 0.2846906 0.8523703 0.2575024 0.8531626 0.2568196 0.8300079 0.1267489 0.9680716 0.1481316 0.9673851 0.1481316 0.9945732 0.2145156 0.8268967 0.2152538 0.8500499 0.1880794 0.8509119 0.3865311 0.9651055 0.3865311 0.9923051 0.3651734 0.9929451 0.53582 0.8419361 0.5334642 0.8632873 0.5071756 0.8633298 0.8553881 0.1700916 0.8818463 0.1701168 0.8797007 0.1915511 0.53582 0.8187715 0.53582 0.8419361 0.5095314 0.8419787 0.8532424 0.1915259 0.8797007 0.1915511 0.8797007 0.214716 0.5334641 0.7973199 0.53582 0.8187715 0.5095314 0.8188141 0.8532424 0.2146909 0.8797007 0.214716 0.8818463 0.2360848 0.2661741 0.9553865 0.2661741 0.9816751 0.2496943 0.9860014 0.6594749 0.3195691 0.7682353 0.3195691 0.7668798 0.3623042 0.3054991 0.6257631 0.4143058 0.6257631 0.4119856 0.6586031 0.6619872 0.2868201 0.7707476 0.2868201 0.7682353 0.3195691 0.7100951 0.5323482 0.7100951 0.4271858 0.7429729 0.4185547 0.7196806 0.1191997 0.7196806 0.01335853 0.7522312 0.005417883 0.679345 0.7267711 0.6791746 0.6216089 0.7219715 0.6169089 0.2026568 0.6259074 0.2025563 0.7317485 0.1599246 0.7360293 0.6331306 0.7267711 0.6329601 0.6216089 0.6791746 0.6216089 0.2488718 0.6259074 0.2487713 0.7317485 0.2025563 0.7317485 0.5905342 0.7220711 0.5903637 0.6169089 0.6329601 0.6216089 0.2488718 0.6259074 0.2916342 0.6301881 0.2915337 0.7360293 0.7396609 0.2337703 0.739661 0.1250098 0.7823204 0.1236402 0.3019322 0.7013873 0.4107388 0.7013873 0.4107551 0.7476021 0.8193533 0.4813083 0.7767437 0.4825852 0.7767437 0.3737785 0.6581194 0.3623042 0.7668798 0.3623042 0.7668874 0.4085193 0.303179 0.6586031 0.4119856 0.6586031 0.4107388 0.7013873 0.8424502 0.3159371 0.8143025 0.3159103 0.8166657 0.2923023 0.3109874 0.9836869 0.3109874 0.9547628 0.3345386 0.9540067 0.8298822 0.3957893 0.8291299 0.3702864 0.8580541 0.3694435 0.2291411 0.9899256 0.2056176 0.9906305 0.2056176 0.9616941 0.8267763 0.648035 0.8556858 0.647118 0.856499 0.6726192 0.8291299 0.3466564 0.8580541 0.3458135 0.8580541 0.3694435 0.8267763 0.6244302 0.8556858 0.6235132 0.8556858 0.647118 0.8298822 0.3284967 0.8588063 0.3276538 0.8580541 0.3458135 0.8275894 0.6063156 0.856499 0.6053985 0.8556858 0.6235132 0.8960992 0.9813724 0.8960992 0.9534052 0.9142502 0.9486401 0.5583544 0.6040995 0.5583544 0.5759517 0.5763248 0.5715679 0.1453444 0.80267 0.1733116 0.8026247 0.1759063 0.8262517 0.8448135 0.266815 0.8166657 0.2667883 0.8143025 0.2432525 0.1453444 0.7771562 0.1733116 0.7771109 0.1733116 0.8026247 0.8448135 0.2923291 0.8166657 0.2923023 0.8166657 0.2667883 0.1479392 0.7536399 0.1759063 0.7535946 0.1733116 0.7771109 0.8579077 0.6223769 0.8601904 0.622842 0.8601904 0.646791 0.8610631 0.3259931 0.8633299 0.3267314 0.8625667 0.345156 0.8587446 0.6037293 0.8610153 0.6044632 0.8601904 0.622842 0.4004184 0.5740103 0.3980128 0.5739309 0.3980128 0.5548913 0.7314001 0.2684887 0.7289981 0.2684608 0.7289981 0.2496937 0.06824785 0.0810095 0.06557673 0.05668741 0.06796139 0.05650001 0.02765637 0.0687071 0.03008919 0.09293538 0.02771335 0.09312617 0.06557673 0.03042304 0.06796139 0.03061425 0.06796139 0.05650001 0.03008919 0.09293538 0.03008919 0.1192001 0.02771335 0.1190122 0.06824785 0.006214857 0.07059395 0.006754994 0.06796139 0.03061425 0.02765637 0.1435025 0.0253157 0.1429645 0.02771335 0.1190122 0.3356108 0.9517497 0.3113668 0.9525281 0.3111755 0.9502501 0.8602887 0.3690122 0.8625667 0.3691306 0.8633299 0.3950052 0.2800614 0.3377996 0.2777832 0.3379254 0.2777832 0.3140481 0.8579077 0.6466761 0.8601904 0.646791 0.8610153 0.6726641 0.8602887 0.3446871 0.8625667 0.345156 0.8625667 0.3691306 0.426521 0.814095 0.4339795 0.8333227 0.4268827 0.8357325 0.4953153 0.8157937 0.4951345 0.8414527 0.4858721 0.8410739 0.5478852 0.114811 0.5383728 0.1132545 0.5461353 0.09451991 0.6135526 0.7368265 0.6203014 0.7606682 0.6117644 0.7604284 0.6203014 0.7606682 0.6201136 0.7882916 0.6107656 0.7871786 0.4621373 0.7962449 0.4698551 0.8192951 0.4616516 0.8198525 0.7800058 0.03096008 0.779786 0.05835992 0.7702797 0.05695384 0.4622461 0.8633298 0.4527392 0.8626152 0.4605025 0.8450677 0.4698551 0.8192951 0.4696155 0.8453801 0.4605025 0.8450677 0.07043129 0.8553856 0.06216293 0.8569541 0.0670489 0.837985 0.07030016 0.7960875 0.07522314 0.8130778 0.0677722 0.8151872 0.07522314 0.8130778 0.07510572 0.8362688 0.0670489 0.837985 0.7726866 0.07761847 0.7628133 0.07584053 0.7702797 0.05695384 0.772562 0.007213473 0.7800058 0.03096008 0.771385 0.03043377 0.3067258 0.9365594 0.2979528 0.9376052 0.3007172 0.9174785 0.9860014 0.3880854 0.9847822 0.4119912 0.9776298 0.4103658 0.3056727 0.8901107 0.3092046 0.9161904 0.3007172 0.9174785 0.5504264 0.5164672 0.540568 0.5147858 0.5480986 0.4962531 0.5503035 0.4452872 0.5578083 0.4698392 0.5492133 0.4695195 0.5578083 0.4698392 0.5575851 0.4975169 0.5480986 0.4962531 0.426603 0.8734253 0.4182416 0.8749027 0.4257685 0.8582174 0.4339795 0.8333227 0.4337345 0.8564317 0.4257685 0.8582174 0.4888678 0.860648 0.4792959 0.8599945 0.4858721 0.8410739 0.488734 0.79484 0.4953153 0.8157937 0.4868455 0.8160969 0.5477763 0.04348015 0.5554938 0.06792479 0.5472843 0.06770545 0.5554938 0.06792479 0.5552542 0.09566736 0.5461353 0.09451991 0.6136857 0.8077991 0.6040177 0.8063129 0.6107656 0.7871786 0.8561953 0.5610882 0.8610153 0.5807733 0.8528062 0.5802252 0.8348495 0.08201414 0.8424989 0.1004371 0.833768 0.100814 0.8328133 0.5719625 0.8401844 0.5908672 0.8303064 0.5925598 0.8347839 0.2100684 0.8424989 0.2279591 0.8328064 0.2291411 0.398674 0.08123844 0.4050475 0.1005462 0.3956016 0.101701 0.8632963 0.1289381 0.8702736 0.1469744 0.8631595 0.1451105 0.4158146 0.2563697 0.423564 0.2751474 0.413973 0.2768236 0.9342288 0.03150236 0.9373958 0.05120116 0.9279985 0.05000704 0.01467406 0.3106588 0.02198833 0.3294584 0.01211494 0.3312086 0.8554818 0.5360077 0.848079 0.5346327 0.852937 0.5144638 0.8561953 0.5610882 0.8481941 0.5603005 0.848079 0.5346327 0.8337172 0.05616152 0.8262713 0.05531889 0.8338577 0.03222292 0.8348495 0.08201414 0.8265168 0.08200794 0.8262713 0.05531889 0.8317221 0.5455805 0.8230805 0.5460508 0.8304331 0.5225718 0.8328133 0.5719625 0.8232957 0.5732934 0.8230805 0.5460508 0.8336419 0.1841791 0.8252442 0.1840308 0.8329212 0.1601979 0.8347839 0.2100684 0.8254788 0.2108344 0.8252442 0.1840308 0.3977305 0.05473762 0.3893526 0.05472666 0.395736 0.03154546 0.398674 0.08123844 0.3895254 0.08204704 0.3893526 0.05472666 0.8622634 0.1053117 0.8563225 0.1025671 0.8632181 0.08298683 0.8632963 0.1289381 0.8565588 0.1267862 0.8563225 0.1025671 0.4146674 0.2294996 0.4063772 0.229837 0.4140843 0.2053433 0.4158146 0.2563697 0.406615 0.2576382 0.4063772 0.229837 0.3055216 0.07256364 0.2979114 0.0740658 0.2967014 0.0517432 0.9342288 0.03150236 0.9251689 0.03010582 0.9292057 0.005158007 0.01359134 0.283774 0.004944741 0.284187 0.01224255 0.2596923 0.01467406 0.3106588 0.005157172 0.3120031 0.004944741 0.284187 0.3438764 0.7592844 0.3478609 0.7598907 0.3483409 0.795207 0.3443609 0.7949392 0.3250934 0.7963765 0.3246473 0.7635434 0.3848851 0.766367 0.3833459 0.7982584 0.3630954 0.7972887 0.364767 0.7626566 0.3630954 0.7972887 0.3594223 0.7978345 0.8774268 0.709147 0.8728079 0.709147 0.8695104 0.6904454 0.8965761 0.6527052 0.8750079 0.6449474 0.8785841 0.6246656 0.8774268 0.709147 0.8738506 0.6888651 0.8954188 0.6811074 0.8785841 0.6246656 0.8750079 0.6449474 0.8706676 0.6433672 0.364767 0.835371 0.361078 0.8355553 0.3594223 0.7978345 0.3630954 0.7972887 0.3833459 0.7982584 0.3848851 0.8333268 0.1098463 0.8427273 0.1114601 0.8084619 0.1317545 0.8071351 0.130002 0.8443453 0.1317545 0.8071351 0.1354016 0.8079566 0.8785841 0.6246656 0.8739652 0.6246656 0.8706676 0.6059641 0.3989461 0.9003628 0.3773779 0.892605 0.3809542 0.8723232 0.8785841 0.6246656 0.8750079 0.6043839 0.8965761 0.5966261 0.3809542 0.8723232 0.3773779 0.892605 0.3730377 0.8910248 0.9605413 0.5553264 0.9571633 0.5554938 0.9571633 0.5179101 0.1317545 0.8071351 0.1114601 0.8084619 0.1098464 0.7788574 0.3092046 0.9161904 0.3309817 0.9182286 0.3303744 0.9387728 0.9651705 0.6344966 0.9651705 0.6704515 0.9619765 0.6712216 0.3809542 0.8723232 0.3763353 0.8723232 0.3730377 0.8536217 0.03085672 0.8566198 0.009288609 0.8488621 0.01286482 0.8285803 0.3809542 0.8723232 0.3773779 0.8520414 0.3989461 0.8442836 0.01286482 0.8285803 0.009288609 0.8488621 0.004948318 0.8472818 0.04531919 0.9699456 0.04138952 0.9707729 0.04078501 0.9410722 0.04470884 0.9399601 0.06424552 0.9448266 0.06480759 0.9724389 0.2706485 0.7486676 0.270171 0.7821127 0.2508668 0.7810495 0.2513853 0.7447301 0.2508668 0.7810495 0.2468938 0.7812534 0.01286482 0.8285803 0.008245944 0.8285803 0.004948318 0.8098787 0.8942614 0.5740103 0.8726932 0.5662525 0.8762695 0.5459707 0.01286482 0.8285803 0.009288609 0.8082985 0.03085672 0.8005407 0.8762695 0.5459707 0.8726932 0.5662525 0.868353 0.5646722 0.2513853 0.8193533 0.2474074 0.8191936 0.2468938 0.7812534 0.2508668 0.7810495 0.270171 0.7821127 0.2706485 0.8173851 0.1827033 0.9225006 0.2154423 0.9254772 0.2175684 0.9450774 0.1820157 0.941845 0.2175684 0.9450774 0.2165457 0.9489684 0.8762695 0.5459707 0.8716506 0.5459707 0.868353 0.5272691 0.7934449 0.8384973 0.8150131 0.8462551 0.8114368 0.8665369 0.8762695 0.5459707 0.8726932 0.5256889 0.8942614 0.5179311 0.8114368 0.8665369 0.8150131 0.8462551 0.8193533 0.8478353 0.9318822 0.9328333 0.9327667 0.9363909 0.898545 0.9373958 0.8973324 0.9338477 0.8991929 0.9134296 0.9310083 0.9124955 0.2105087 0.8142172 0.2121397 0.7791867 0.2324438 0.7789977 0.2306726 0.8170388 0.2324438 0.7789977 0.2360848 0.7791174 0.8114368 0.8665369 0.8160557 0.8665369 0.8193533 0.8852384 0.8757669 0.3201836 0.8978402 0.3263593 0.8957419 0.3468468 0.8114368 0.8665369 0.8150131 0.8868187 0.7934449 0.8945764 0.8957419 0.3468468 0.8978402 0.3263593 0.9022834 0.3276211 0.7208864 0.9200528 0.7244565 0.9204416 0.7244565 0.9582268 0.2324438 0.7789977 0.2121397 0.7791867 0.2105088 0.7448317 0.1472659 0.8916807 0.1495919 0.8618644 0.17012 0.8610405 0.4487153 0.2023665 0.4536532 0.2399395 0.4501483 0.2405514 0.8957419 0.3468468 0.9003487 0.3465123 0.9049919 0.364926 0.6704739 0.8336505 0.6903673 0.8450357 0.6833235 0.8643884 0.8957419 0.3468468 0.9007775 0.3668164 0.8798277 0.3761156 0.6833235 0.8643884 0.6903673 0.8450357 0.6943672 0.8473456 0.4487153 0.2751548 0.4452573 0.2754323 0.4501483 0.2405514 0.17012 0.8610405 0.1495919 0.8618644 0.1475321 0.8396153 0.7587502 0.799744 0.7578427 0.8274009 0.7385678 0.8237639 0.7395533 0.7937301 0.7385678 0.8237639 0.7345899 0.8243591 0.6833235 0.8643884 0.6878722 0.8651904 0.6878722 0.8841804 0.3158668 0.8451357 0.3384544 0.8490304 0.3384544 0.869625 0.6833235 0.8643884 0.6833235 0.884983 0.6607359 0.8888777 0.3384544 0.869625 0.3384544 0.8490304 0.3430032 0.8498329 0.7385678 0.8601193 0.7345899 0.8603693 0.7345899 0.8243591 0.7385678 0.8237639 0.7578427 0.8274009 0.7578427 0.8608791 0.3246473 0.8316468 0.3250934 0.7963765 0.3443609 0.7949392 0.3438765 0.8332407 0.3443609 0.7949392 0.3483409 0.795207 0.3384544 0.869625 0.3430032 0.868823 0.3494982 0.8866678 0.8954188 0.7371866 0.8738506 0.7294287 0.8774268 0.709147 0.3384544 0.869625 0.3454982 0.8889777 0.3256049 0.9003629 0.8774268 0.709147 0.8738506 0.7294287 0.8695104 0.7278485 0.3041087 0.8000197 0.3037487 0.7735267 0.3246473 0.7635434 0.3848851 0.766367 0.4085194 0.7763264 0.4072773 0.8020596 0.4072773 0.8020596 0.4085194 0.8303564 0.3848851 0.8333268 0.1098463 0.8427273 0.08604991 0.8415867 0.08735203 0.8139379 0.08735203 0.8139379 0.08604991 0.7900499 0.1098464 0.7788574 0.04942208 0.8633299 0.03085672 0.8566198 0.03580087 0.8285803 0.03580087 0.8285803 0.03085672 0.8005407 0.04942208 0.7938306 0.2706485 0.7486676 0.2916343 0.7578421 0.291249 0.784829 0.291249 0.784829 0.2916343 0.8132904 0.2706485 0.8173851 0.1827033 0.9225006 0.1813305 0.9011487 0.2077476 0.9035505 0.9070948 0.8887286 0.9327667 0.8879748 0.9310083 0.9124955 0.2105087 0.8142172 0.1866753 0.8082432 0.1879913 0.779977 0.1879913 0.779977 0.1866753 0.7522558 0.2105088 0.7448317 0.1472659 0.8916807 0.1223469 0.8934192 0.1242237 0.8693604 0.6607359 0.8604056 0.6607359 0.8888777 0.6412875 0.892262 0.2964184 0.8417514 0.3158668 0.8451357 0.3158668 0.8736078 0.7788485 0.8363163 0.7788485 0.8633299 0.7578427 0.8608791 0.3246473 0.8316468 0.3037487 0.8284794 0.3041087 0.8000197</float_array>
          <technique_common>
            <accessor source="#hele_struct-mesh-map-1-array" count="2484" stride="2">
              <param name="S" type="float"/>
              <param name="T" type="float"/>
            </accessor>
          </technique_common>
        </source>
        <vertices id="hele_struct-mesh-vertices">
          <input semantic="POSITION" source="#hele_struct-mesh-positions"/>
        </vertices>
        <triangles material="hele_struct-material" count="828">
          <input semantic="VERTEX" source="#hele_struct-mesh-vertices" offset="0"/>
          <input semantic="NORMAL" source="#hele_struct-mesh-normals" offset="1"/>
          <input semantic="TEXCOORD" source="#hele_struct-mesh-map-0" offset="2" set="0"/>
          <input semantic="TEXCOORD" source="#hele_struct-mesh-map-1" offset="2" set="1"/>
          <p>4 0 0 21 1 1 5 2 2 25 3 3 42 3 4 26 3 5 12 4 6 29 5 7 13 6 8 5 2 9 22 7 10 6 8 11 13 6 12 30 9 13 14 10 14 6 8 15 23 11 16 7 12 17 14 10 18 31 13 19 15 14 20 7 12 21 24 15 22 8 16 23 1 17 24 16 18 25 0 19 26 15 14 27 17 20 28 1 17 29 8 16 30 25 21 31 9 22 32 0 19 33 18 23 34 2 24 35 9 22 36 26 25 37 10 26 38 2 24 39 19 27 40 3 28 41 10 26 42 27 29 43 11 30 44 3 28 45 20 31 46 4 0 47 11 30 48 28 32 49 12 4 50 176 33 51 63 34 52 177 35 53 19 3 54 34 3 55 35 3 56 27 3 57 42 3 58 43 3 59 20 3 60 35 3 61 36 3 62 28 3 63 43 3 64 44 3 65 20 3 66 37 3 67 21 3 68 28 3 69 45 3 70 29 3 71 21 3 72 38 3 73 22 3 74 29 3 75 46 3 76 30 3 77 23 3 78 38 3 79 39 3 80 31 3 81 46 3 82 47 3 83 24 3 84 39 3 85 40 3 86 17 3 87 32 3 88 16 3 89 17 3 90 47 3 91 33 3 92 24 3 93 41 3 94 25 3 95 16 3 96 34 3 97 18 3 98 60 36 99 77 37 100 61 38 101 178 39 102 56 40 103 179 41 104 180 42 105 48 43 106 181 44 107 177 35 108 49 45 109 180 42 110 179 41 111 57 46 112 182 47 113 181 44 114 50 48 115 183 49 116 182 47 117 58 50 118 184 51 119 183 49 120 51 52 121 185 53 122 184 51 123 59 54 124 186 55 125 185 53 126 52 56 127 187 57 128 186 55 129 60 58 130 188 59 131 187 57 132 53 60 133 189 61 134 188 59 135 61 62 136 190 63 137 189 61 138 54 64 139 191 65 140 190 63 141 62 66 142 176 33 143 191 65 144 55 67 145 178 39 146 66 68 147 83 69 148 67 70 149 53 71 150 70 72 151 54 73 152 61 38 153 78 74 154 62 75 155 55 76 156 70 72 157 71 77 158 63 78 159 78 74 160 79 79 161 55 76 162 72 80 163 56 81 164 48 82 165 65 83 166 64 84 167 63 78 168 65 83 169 49 85 170 57 86 171 72 80 172 73 87 173 48 82 174 66 88 175 50 89 176 57 86 177 74 90 178 58 91 179 51 92 180 66 88 181 67 93 182 59 94 183 74 90 184 75 95 185 51 92 186 68 96 187 52 97 188 59 94 189 76 98 190 60 36 191 53 71 192 68 96 193 69 99 194 93 100 195 110 101 196 94 102 197 74 103 198 91 104 199 75 105 200 67 70 201 84 106 202 68 107 203 75 105 204 92 108 205 76 109 206 68 107 207 85 110 208 69 111 209 76 109 210 93 112 211 77 113 212 69 111 213 86 114 214 70 115 215 77 113 216 94 116 217 78 117 218 70 115 219 87 118 220 71 119 221 78 117 222 95 120 223 79 121 224 71 119 225 88 122 226 72 123 227 65 124 228 80 125 229 64 126 230 79 121 231 81 127 232 65 124 233 72 123 234 89 128 235 73 129 236 64 126 237 82 130 238 66 68 239 73 129 240 90 131 241 74 103 242 86 132 243 103 133 244 87 134 245 94 102 246 111 135 247 95 136 248 88 137 249 103 133 250 104 138 251 81 139 252 96 140 253 80 141 254 81 139 255 111 135 256 97 142 257 88 137 258 105 143 259 89 144 260 82 145 261 96 140 262 98 146 263 90 147 264 105 143 265 106 148 266 82 145 267 99 149 268 83 150 269 90 147 270 107 151 271 91 152 272 84 153 273 99 149 274 100 154 275 92 155 276 107 151 277 108 156 278 84 153 279 101 157 280 85 158 281 92 155 282 109 159 283 93 100 284 86 132 285 101 157 286 102 160 287 193 161 288 137 162 289 138 163 290 209 164 291 158 165 292 159 166 293 194 167 294 131 168 295 195 169 296 193 161 297 139 170 298 196 171 299 197 172 300 131 168 301 132 173 302 198 174 303 139 170 304 140 175 305 197 172 306 133 176 307 199 177 308 198 174 309 141 178 310 200 179 311 201 180 312 133 176 313 134 181 314 202 182 315 141 178 316 142 183 317 201 180 318 135 184 319 203 185 320 202 182 321 143 186 322 204 187 323 205 188 324 135 184 325 136 189 326 206 190 327 128 191 328 207 192 329 206 190 330 143 186 331 129 193 332 205 188 333 137 162 334 192 194 335 194 167 336 128 191 337 130 195 338 157 196 339 172 197 340 173 198 341 210 199 342 152 200 343 211 201 344 212 202 345 144 203 346 213 204 347 212 202 348 159 166 349 145 205 350 211 201 351 153 206 352 214 207 353 213 204 354 146 208 355 215 209 356 214 207 357 154 210 358 216 211 359 217 212 360 146 208 361 147 3 362 218 213 363 154 210 364 155 3 365 217 212 366 148 214 367 219 215 368 218 213 369 156 216 370 220 217 371 221 218 372 148 214 373 149 3 374 220 217 375 157 3 376 222 219 377 221 218 378 150 220 379 223 221 380 222 219 381 158 165 382 208 222 383 210 199 384 150 220 385 151 223 386 149 224 387 166 225 388 150 226 389 158 227 390 173 198 391 174 228 392 150 226 393 167 229 394 151 230 395 159 231 396 174 228 397 175 232 398 151 230 399 168 233 400 152 234 401 144 235 402 161 236 403 160 237 404 145 238 405 175 232 406 161 236 407 152 234 408 169 239 409 153 240 410 146 241 411 160 237 412 162 242 413 153 240 414 170 243 415 154 244 416 147 245 417 162 242 418 163 246 419 154 244 420 171 247 421 155 248 422 148 249 423 163 246 424 164 250 425 155 248 426 172 197 427 156 251 428 148 249 429 165 252 430 149 224 431 38 253 432 178 39 433 39 254 434 45 255 435 176 33 436 46 256 437 37 257 438 191 65 439 38 253 440 44 258 441 190 63 442 45 255 443 36 259 444 189 61 445 37 257 446 43 260 447 188 59 448 44 258 449 35 261 450 187 57 451 36 259 452 42 262 453 186 55 454 43 260 455 34 263 456 185 53 457 35 261 458 41 264 459 184 51 460 42 262 461 34 263 462 181 44 463 183 49 464 40 265 465 182 47 466 41 264 467 47 266 468 180 42 469 33 267 470 32 268 471 180 42 472 181 44 473 39 254 474 179 41 475 40 265 476 46 256 477 177 35 478 47 266 479 112 269 480 194 270 481 114 271 482 120 272 483 192 273 484 121 274 485 113 275 486 204 276 487 206 277 488 112 269 489 206 277 490 207 278 491 119 279 492 205 280 493 120 272 494 126 281 495 204 276 496 127 282 497 118 283 498 203 284 499 119 279 500 125 285 501 202 286 502 126 281 503 117 287 504 201 288 505 118 283 506 124 289 507 200 290 508 125 285 509 116 291 510 199 292 511 117 287 512 123 293 513 198 294 514 124 289 515 115 295 516 197 296 517 116 291 518 122 297 519 196 298 520 123 293 521 114 271 522 195 299 523 115 295 524 121 274 525 193 300 526 122 297 527 134 181 528 210 199 529 135 184 530 141 178 531 208 222 532 142 183 533 133 176 534 223 221 535 134 181 536 140 175 537 222 219 538 141 178 539 132 173 540 221 218 541 133 176 542 140 175 543 218 213 544 220 217 545 132 173 546 217 212 547 219 215 548 138 163 549 218 213 550 139 170 551 131 168 552 215 209 553 217 212 554 137 162 555 216 211 556 138 163 557 128 191 558 215 209 559 130 195 560 137 162 561 211 201 562 214 207 563 143 186 564 212 202 565 129 193 566 129 193 567 213 204 568 128 191 569 135 184 570 211 201 571 136 189 572 142 183 573 209 164 574 143 186 575 237 301 576 233 302 577 242 303 578 225 304 579 236 305 580 224 306 581 227 307 582 235 308 583 240 309 584 228 310 585 238 311 586 235 308 587 224 306 588 241 312 589 237 301 590 230 313 591 242 303 592 229 314 593 226 315 594 240 309 595 225 304 596 229 314 597 239 316 598 228 310 599 231 317 600 237 301 601 242 303 602 243 318 603 248 319 604 255 320 605 247 321 606 255 320 607 254 322 608 244 323 609 249 324 610 248 319 611 238 311 612 260 325 613 235 308 614 236 305 615 262 326 616 261 327 617 235 308 618 259 328 619 240 309 620 242 303 621 232 329 622 263 330 623 240 309 624 234 331 625 262 326 626 239 316 627 263 330 628 260 325 629 241 312 630 261 327 631 237 301 632 246 332 633 254 322 634 258 333 635 256 334 636 250 335 637 249 324 638 258 333 639 253 336 640 257 337 641 257 337 642 252 338 643 245 339 644 245 339 645 251 340 646 256 334 647 277 341 648 273 342 649 282 343 650 265 344 651 276 345 652 264 346 653 267 347 654 275 348 655 280 349 656 268 350 657 278 351 658 275 348 659 264 346 660 281 352 661 277 341 662 270 353 663 282 343 664 269 354 665 266 355 666 280 349 667 265 344 668 269 354 669 279 356 670 268 350 671 271 357 672 277 341 673 282 343 674 278 351 675 284 358 676 275 348 677 276 345 678 286 359 679 285 360 680 275 348 681 283 361 682 280 349 683 282 343 684 272 362 685 287 363 686 280 349 687 274 364 688 286 359 689 279 356 690 287 363 691 284 358 692 281 352 693 285 360 694 277 341 695 303 365 696 298 366 697 297 367 698 300 368 699 297 367 700 293 369 701 289 370 702 295 371 703 294 372 704 302 373 705 292 374 706 291 375 707 299 376 708 293 369 709 296 377 710 288 378 711 294 372 712 298 366 713 290 379 714 296 377 715 292 374 716 301 380 717 291 375 718 295 371 719 233 302 720 232 329 721 242 303 722 236 305 723 241 312 724 224 306 725 226 315 726 227 307 727 240 309 728 227 307 729 228 310 730 235 308 731 231 317 732 224 306 733 237 301 734 242 303 735 239 316 736 229 314 737 240 309 738 236 305 739 225 304 740 239 316 741 238 311 742 228 310 743 230 313 744 231 317 745 242 303 746 247 321 747 243 318 748 255 320 749 246 332 750 247 321 751 254 322 752 243 318 753 244 323 754 248 319 755 260 325 756 259 328 757 235 308 758 241 312 759 236 305 760 261 327 761 259 328 762 234 331 763 240 309 764 239 316 765 242 303 766 263 330 767 236 305 768 240 309 769 262 326 770 238 311 771 239 316 772 260 325 773 261 327 774 233 302 775 237 301 776 254 322 777 253 336 778 258 333 779 244 323 780 256 334 781 249 324 782 253 336 783 252 338 784 257 337 785 252 338 786 251 340 787 245 339 788 251 340 789 250 335 790 256 334 791 273 342 792 272 362 793 282 343 794 276 345 795 281 352 796 264 346 797 266 355 798 267 347 799 280 349 800 267 347 801 268 350 802 275 348 803 271 357 804 264 346 805 277 341 806 282 343 807 279 356 808 269 354 809 280 349 810 276 345 811 265 344 812 279 356 813 278 351 814 268 350 815 270 353 816 271 357 817 282 343 818 284 358 819 283 361 820 275 348 821 281 352 822 276 345 823 285 360 824 283 361 825 274 364 826 280 349 827 279 356 828 282 343 829 287 363 830 276 345 831 280 349 832 286 359 833 278 351 834 279 356 835 284 358 836 285 360 837 273 342 838 277 341 839 300 368 840 303 365 841 297 367 842 299 376 843 300 368 844 293 369 845 288 378 846 289 370 847 294 372 848 301 380 849 302 373 850 291 375 851 290 379 852 299 376 853 296 377 854 303 365 855 288 378 856 298 366 857 302 373 858 290 379 859 292 374 860 289 370 861 301 380 862 295 371 863 309 3 864 310 381 865 312 382 866 306 383 867 307 384 868 312 382 869 304 385 870 305 3 871 312 382 872 310 381 873 311 386 874 312 382 875 307 384 876 308 3 877 312 382 878 311 386 879 304 385 880 312 382 881 308 3 882 309 3 883 312 382 884 305 3 885 306 383 886 312 382 887 317 387 888 318 388 889 326 389 890 319 390 891 320 391 892 328 392 893 313 393 894 314 394 895 322 395 896 318 388 897 319 390 898 327 396 899 314 394 900 315 397 901 323 398 902 315 397 903 316 399 904 324 400 905 320 391 906 313 393 907 321 401 908 316 399 909 317 387 910 325 402 911 325 402 912 317 387 913 326 389 914 327 396 915 319 390 916 328 392 917 321 401 918 313 393 919 322 395 920 326 389 921 318 388 922 327 396 923 322 395 924 314 394 925 323 398 926 323 398 927 315 397 928 324 400 929 328 392 930 320 391 931 321 401 932 324 400 933 316 399 934 325 402 935 438 403 936 384 404 937 381 405 938 475 406 939 398 407 940 393 408 941 439 409 942 502 410 943 396 411 944 443 412 945 408 413 946 482 414 947 499 415 948 436 416 949 387 417 950 443 412 951 504 418 952 406 419 953 521 420 954 446 421 955 400 422 956 450 423 957 413 424 958 410 425 959 483 426 960 418 427 961 413 424 962 523 428 963 450 423 964 410 425 965 454 429 966 334 430 967 331 431 968 459 432 969 358 433 970 354 434 971 451 435 972 338 436 973 490 437 974 487 438 975 338 436 976 334 430 977 507 439 978 452 440 979 337 441 980 453 442 981 526 443 982 331 431 983 419 444 984 348 445 985 458 446 986 422 447 987 344 448 988 341 449 989 455 450 990 348 445 991 344 448 992 419 444 993 492 451 994 347 452 995 509 453 996 422 447 997 341 449 998 423 454 999 358 433 1000 462 455 1001 426 456 1002 354 434 1003 351 457 1004 423 454 1005 494 458 1006 357 459 1007 511 460 1008 426 456 1009 351 457 1010 427 461 1011 368 462 1012 466 463 1013 430 464 1014 364 465 1015 361 466 1016 463 467 1017 368 462 1018 364 465 1019 513 468 1020 430 464 1021 361 466 1022 431 469 1023 378 470 1024 470 471 1025 434 472 1026 374 473 1027 371 474 1028 467 475 1029 378 470 1030 374 473 1031 497 476 1032 432 477 1033 377 478 1034 433 479 1035 516 480 1036 371 474 1037 435 481 1038 388 482 1039 474 483 1040 471 484 1041 388 482 1042 384 404 1043 437 485 1044 518 486 1045 381 405 1046 439 409 1047 398 407 1048 478 487 1049 442 488 1050 393 408 1051 390 489 1052 495 490 1053 428 491 1054 367 492 1055 519 493 1056 442 488 1057 390 489 1058 446 421 1059 403 494 1060 400 422 1061 479 495 1062 408 413 1063 403 494 1064 447 496 1065 418 427 1066 486 497 1067 447 496 1068 506 498 1069 416 499 1070 348 445 1071 420 500 1072 457 501 1073 358 433 1074 424 502 1075 461 503 1076 368 462 1077 428 491 1078 465 504 1079 378 470 1080 432 477 1081 469 505 1082 388 482 1083 436 416 1084 473 506 1085 398 407 1086 440 507 1087 477 508 1088 408 413 1089 444 509 1090 481 510 1091 418 427 1092 448 511 1093 485 512 1094 338 436 1095 452 440 1096 489 513 1097 344 448 1098 421 514 1099 341 449 1100 348 445 1101 456 515 1102 344 448 1103 354 434 1104 425 516 1105 351 457 1106 358 433 1107 460 517 1108 354 434 1109 364 465 1110 429 518 1111 361 466 1112 368 462 1113 464 519 1114 364 465 1115 374 473 1116 433 479 1117 371 474 1118 378 470 1119 468 520 1120 374 473 1121 384 404 1122 437 485 1123 381 405 1124 388 482 1125 472 521 1126 384 404 1127 393 408 1128 441 522 1129 390 489 1130 398 407 1131 476 523 1132 393 408 1133 403 494 1134 445 524 1135 400 422 1136 408 413 1137 480 525 1138 403 494 1139 413 424 1140 449 526 1141 410 425 1142 418 427 1143 484 527 1144 413 424 1145 334 430 1146 453 442 1147 331 431 1148 338 436 1149 488 528 1150 334 430 1151 387 417 1152 435 481 1153 500 529 1154 416 499 1155 505 530 1156 448 511 1157 357 459 1158 493 531 1159 424 502 1160 377 478 1161 431 469 1162 498 532 1163 347 452 1164 491 533 1165 420 500 1166 406 419 1167 503 534 1168 444 509 1169 337 441 1170 451 435 1171 508 535 1172 367 492 1173 427 461 1174 496 536 1175 396 411 1176 501 537 1177 440 507 1178 361 466 1179 429 518 1180 514 538 1181 381 405 1182 517 539 1183 438 403 1184 410 425 1185 449 526 1186 524 540 1187 351 457 1188 425 516 1189 512 541 1190 371 474 1191 515 542 1192 434 472 1193 341 449 1194 421 514 1195 510 543 1196 400 422 1197 445 524 1198 522 544 1199 331 431 1200 525 545 1201 454 429 1202 390 489 1203 441 522 1204 520 546 1205 420 500 1206 389 547 1207 329 548 1208 329 548 1209 457 501 1210 420 500 1211 458 446 1212 332 549 1213 419 444 1214 419 444 1215 391 550 1216 492 451 1217 330 551 1218 510 543 1219 421 514 1220 455 450 1221 333 552 1222 362 553 1223 330 551 1224 456 515 1225 360 554 1226 333 552 1227 509 453 1228 405 555 1229 424 502 1230 391 550 1231 332 549 1232 332 549 1233 461 503 1234 424 502 1235 462 455 1236 335 556 1237 423 454 1238 423 454 1239 392 557 1240 494 458 1241 333 552 1242 512 541 1243 425 516 1244 459 432 1245 336 558 1246 365 559 1247 333 552 1248 460 517 1249 362 553 1250 336 558 1251 511 460 1252 407 560 1253 428 491 1254 392 557 1255 335 556 1256 335 556 1257 465 504 1258 428 491 1259 466 463 1260 339 561 1261 427 461 1262 427 461 1263 394 562 1264 496 536 1265 336 558 1266 514 538 1267 429 518 1268 463 467 1269 340 563 1270 369 564 1271 336 558 1272 464 519 1273 365 559 1274 340 563 1275 513 468 1276 409 565 1277 432 477 1278 394 562 1279 339 561 1280 339 561 1281 469 505 1282 432 477 1283 470 471 1284 342 566 1285 431 469 1286 431 469 1287 395 567 1288 498 532 1289 340 563 1290 516 480 1291 433 479 1292 467 475 1293 343 568 1294 372 569 1295 340 563 1296 468 520 1297 369 564 1298 343 568 1299 515 542 1300 411 570 1301 436 416 1302 395 567 1303 342 566 1304 342 566 1305 473 506 1306 436 416 1307 474 483 1308 345 571 1309 435 481 1310 435 481 1311 397 572 1312 500 529 1313 343 568 1314 518 486 1315 437 485 1316 471 484 1317 346 573 1318 375 574 1319 343 568 1320 472 521 1321 372 569 1322 346 573 1323 517 539 1324 412 575 1325 440 507 1326 397 572 1327 345 571 1328 345 571 1329 477 508 1330 440 507 1331 478 487 1332 349 576 1333 439 409 1334 439 409 1335 399 577 1336 502 410 1337 346 573 1338 520 546 1339 441 522 1340 475 406 1341 350 578 1342 379 579 1343 346 573 1344 476 523 1345 375 574 1346 350 578 1347 519 493 1348 414 580 1349 444 509 1350 399 577 1351 349 576 1352 349 576 1353 481 510 1354 444 509 1355 482 414 1356 352 581 1357 443 412 1358 443 412 1359 401 582 1360 504 418 1361 350 578 1362 522 544 1363 445 524 1364 479 495 1365 353 583 1366 382 584 1367 350 578 1368 480 525 1369 379 579 1370 353 583 1371 521 420 1372 415 585 1373 448 511 1374 401 582 1375 352 581 1376 352 581 1377 485 512 1378 448 511 1379 486 497 1380 355 586 1381 447 496 1382 447 496 1383 402 587 1384 506 498 1385 353 583 1386 524 540 1387 449 526 1388 483 426 1389 356 588 1390 385 589 1391 353 583 1392 484 527 1393 382 584 1394 356 588 1395 523 428 1396 417 590 1397 452 440 1398 402 587 1399 355 586 1400 355 586 1401 489 513 1402 452 440 1403 490 437 1404 329 548 1405 451 435 1406 451 435 1407 389 547 1408 508 535 1409 356 588 1410 526 443 1411 453 442 1412 487 438 1413 330 551 1414 360 554 1415 356 588 1416 488 528 1417 385 589 1418 330 551 1419 525 545 1420 404 591 1421 360 554 1422 457 501 1423 359 592 1424 458 446 1425 362 553 1426 363 593 1427 362 553 1428 461 503 1429 363 593 1430 462 455 1431 365 559 1432 366 594 1433 365 559 1434 465 504 1435 366 594 1436 466 463 1437 369 564 1438 370 595 1439 369 564 1440 469 505 1441 370 595 1442 470 471 1443 372 569 1444 373 596 1445 372 569 1446 473 506 1447 373 596 1448 474 483 1449 375 574 1450 376 597 1451 375 574 1452 477 508 1453 376 597 1454 478 487 1455 379 579 1456 380 598 1457 379 579 1458 481 510 1459 380 598 1460 482 414 1461 382 584 1462 383 599 1463 382 584 1464 485 512 1465 383 599 1466 486 497 1467 385 589 1468 386 600 1469 385 589 1470 489 513 1471 386 600 1472 490 437 1473 360 554 1474 359 592 1475 4 0 1476 20 31 1477 21 1 1478 25 3 1479 41 3 1480 42 3 1481 12 4 1482 28 32 1483 29 5 1484 5 2 1485 21 1 1486 22 7 1487 13 6 1488 29 5 1489 30 9 1490 6 8 1491 22 7 1492 23 11 1493 14 10 1494 30 9 1495 31 13 1496 7 12 1497 23 11 1498 24 15 1499 1 17 1500 17 20 1501 16 18 1502 15 14 1503 31 13 1504 17 20 1505 8 16 1506 24 15 1507 25 21 1508 0 19 1509 16 18 1510 18 23 1511 9 22 1512 25 21 1513 26 25 1514 2 24 1515 18 23 1516 19 27 1517 10 26 1518 26 25 1519 27 29 1520 3 28 1521 19 27 1522 20 31 1523 11 30 1524 27 29 1525 28 32 1526 176 33 1527 62 66 1528 63 34 1529 19 3 1530 18 3 1531 34 3 1532 27 3 1533 26 3 1534 42 3 1535 20 3 1536 19 3 1537 35 3 1538 28 3 1539 27 3 1540 43 3 1541 20 3 1542 36 3 1543 37 3 1544 28 3 1545 44 3 1546 45 3 1547 21 3 1548 37 3 1549 38 3 1550 29 3 1551 45 3 1552 46 3 1553 23 3 1554 22 3 1555 38 3 1556 31 3 1557 30 3 1558 46 3 1559 24 3 1560 23 3 1561 39 3 1562 17 3 1563 33 3 1564 32 3 1565 17 3 1566 31 3 1567 47 3 1568 24 3 1569 40 3 1570 41 3 1571 16 3 1572 32 3 1573 34 3 1574 60 36 1575 76 98 1576 77 37 1577 178 39 1578 55 67 1579 56 40 1580 180 42 1581 49 45 1582 48 43 1583 177 35 1584 63 34 1585 49 45 1586 179 41 1587 56 40 1588 57 46 1589 181 44 1590 48 43 1591 50 48 1592 182 47 1593 57 46 1594 58 50 1595 183 49 1596 50 48 1597 51 52 1598 184 51 1599 58 50 1600 59 54 1601 185 53 1602 51 52 1603 52 56 1604 186 55 1605 59 54 1606 60 58 1607 187 57 1608 52 56 1609 53 60 1610 188 59 1611 60 58 1612 61 62 1613 189 61 1614 53 60 1615 54 64 1616 190 63 1617 61 62 1618 62 66 1619 191 65 1620 54 64 1621 55 67 1622 66 68 1623 82 130 1624 83 69 1625 53 71 1626 69 99 1627 70 72 1628 61 38 1629 77 37 1630 78 74 1631 55 76 1632 54 73 1633 70 72 1634 63 78 1635 62 75 1636 78 74 1637 55 76 1638 71 77 1639 72 80 1640 48 82 1641 49 85 1642 65 83 1643 63 78 1644 79 79 1645 65 83 1646 57 86 1647 56 81 1648 72 80 1649 48 82 1650 64 84 1651 66 88 1652 57 86 1653 73 87 1654 74 90 1655 51 92 1656 50 89 1657 66 88 1658 59 94 1659 58 91 1660 74 90 1661 51 92 1662 67 93 1663 68 96 1664 59 94 1665 75 95 1666 76 98 1667 53 71 1668 52 97 1669 68 96 1670 93 100 1671 109 159 1672 110 101 1673 74 103 1674 90 131 1675 91 104 1676 67 70 1677 83 69 1678 84 106 1679 75 105 1680 91 104 1681 92 108 1682 68 107 1683 84 106 1684 85 110 1685 76 109 1686 92 108 1687 93 112 1688 69 111 1689 85 110 1690 86 114 1691 77 113 1692 93 112 1693 94 116 1694 70 115 1695 86 114 1696 87 118 1697 78 117 1698 94 116 1699 95 120 1700 71 119 1701 87 118 1702 88 122 1703 65 124 1704 81 127 1705 80 125 1706 79 121 1707 95 120 1708 81 127 1709 72 123 1710 88 122 1711 89 128 1712 64 126 1713 80 125 1714 82 130 1715 73 129 1716 89 128 1717 90 131 1718 86 132 1719 102 160 1720 103 133 1721 94 102 1722 110 101 1723 111 135 1724 88 137 1725 87 134 1726 103 133 1727 81 139 1728 97 142 1729 96 140 1730 81 139 1731 95 136 1732 111 135 1733 88 137 1734 104 138 1735 105 143 1736 82 145 1737 80 141 1738 96 140 1739 90 147 1740 89 144 1741 105 143 1742 82 145 1743 98 146 1744 99 149 1745 90 147 1746 106 148 1747 107 151 1748 84 153 1749 83 150 1750 99 149 1751 92 155 1752 91 152 1753 107 151 1754 84 153 1755 100 154 1756 101 157 1757 92 155 1758 108 156 1759 109 159 1760 86 132 1761 85 158 1762 101 157 1763 193 161 1764 192 194 1765 137 162 1766 209 164 1767 208 222 1768 158 165 1769 194 167 1770 130 195 1771 131 168 1772 193 161 1773 138 163 1774 139 170 1775 197 172 1776 195 169 1777 131 168 1778 198 174 1779 196 171 1780 139 170 1781 197 172 1782 132 173 1783 133 176 1784 198 174 1785 140 175 1786 141 178 1787 201 180 1788 199 177 1789 133 176 1790 202 182 1791 200 179 1792 141 178 1793 201 180 1794 134 181 1795 135 184 1796 202 182 1797 142 183 1798 143 186 1799 205 188 1800 203 185 1801 135 184 1802 206 190 1803 129 193 1804 128 191 1805 206 190 1806 204 187 1807 143 186 1808 205 188 1809 136 189 1810 137 162 1811 194 167 1812 207 192 1813 128 191 1814 157 196 1815 156 251 1816 172 197 1817 210 199 1818 151 223 1819 152 200 1820 212 202 1821 145 205 1822 144 203 1823 212 202 1824 209 164 1825 159 166 1826 211 201 1827 152 200 1828 153 206 1829 213 204 1830 144 203 1831 146 208 1832 214 207 1833 153 206 1834 154 210 1835 217 212 1836 215 209 1837 146 208 1838 218 213 1839 216 211 1840 154 210 1841 217 212 1842 147 3 1843 148 214 1844 218 213 1845 155 3 1846 156 216 1847 221 218 1848 219 215 1849 148 214 1850 220 217 1851 156 216 1852 157 3 1853 221 218 1854 149 3 1855 150 220 1856 222 219 1857 157 3 1858 158 165 1859 210 199 1860 223 221 1861 150 220 1862 149 224 1863 165 252 1864 166 225 1865 158 227 1866 157 196 1867 173 198 1868 150 226 1869 166 225 1870 167 229 1871 159 231 1872 158 227 1873 174 228 1874 151 230 1875 167 229 1876 168 233 1877 144 235 1878 145 238 1879 161 236 1880 145 238 1881 159 231 1882 175 232 1883 152 234 1884 168 233 1885 169 239 1886 146 241 1887 144 235 1888 160 237 1889 153 240 1890 169 239 1891 170 243 1892 147 245 1893 146 241 1894 162 242 1895 154 244 1896 170 243 1897 171 247 1898 148 249 1899 147 245 1900 163 246 1901 155 248 1902 171 247 1903 172 197 1904 148 249 1905 164 250 1906 165 252 1907 38 253 1908 191 65 1909 178 39 1910 45 255 1911 190 63 1912 176 33 1913 37 257 1914 189 61 1915 191 65 1916 44 258 1917 188 59 1918 190 63 1919 36 259 1920 187 57 1921 189 61 1922 43 260 1923 186 55 1924 188 59 1925 35 261 1926 185 53 1927 187 57 1928 42 262 1929 184 51 1930 186 55 1931 34 263 1932 183 49 1933 185 53 1934 41 264 1935 182 47 1936 184 51 1937 34 263 1938 32 268 1939 181 44 1940 40 265 1941 179 41 1942 182 47 1943 47 266 1944 177 35 1945 180 42 1946 32 268 1947 33 267 1948 180 42 1949 39 254 1950 178 39 1951 179 41 1952 46 256 1953 176 33 1954 177 35 1955 112 269 1956 207 278 1957 194 270 1958 120 272 1959 205 280 1960 192 273 1961 113 275 1962 127 282 1963 204 276 1964 112 269 1965 113 275 1966 206 277 1967 119 279 1968 203 284 1969 205 280 1970 126 281 1971 202 286 1972 204 276 1973 118 283 1974 201 288 1975 203 284 1976 125 285 1977 200 290 1978 202 286 1979 117 287 1980 199 292 1981 201 288 1982 124 289 1983 198 294 1984 200 290 1985 116 291 1986 197 296 1987 199 292 1988 123 293 1989 196 298 1990 198 294 1991 115 295 1992 195 299 1993 197 296 1994 122 297 1995 193 300 1996 196 298 1997 114 271 1998 194 270 1999 195 299 2000 121 274 2001 192 273 2002 193 300 2003 134 181 2004 223 221 2005 210 199 2006 141 178 2007 222 219 2008 208 222 2009 133 176 2010 221 218 2011 223 221 2012 140 175 2013 220 217 2014 222 219 2015 132 173 2016 219 215 2017 221 218 2018 140 175 2019 139 170 2020 218 213 2021 132 173 2022 131 168 2023 217 212 2024 138 163 2025 216 211 2026 218 213 2027 131 168 2028 130 195 2029 215 209 2030 137 162 2031 214 207 2032 216 211 2033 128 191 2034 213 204 2035 215 209 2036 137 162 2037 136 189 2038 211 201 2039 143 186 2040 209 164 2041 212 202 2042 129 193 2043 212 202 2044 213 204 2045 135 184 2046 210 199 2047 211 201 2048 142 183 2049 208 222 2050 209 164 2051 438 403 2052 471 484 2053 384 404 2054 475 406 2055 478 487 2056 398 407 2057 443 412 2058 406 419 2059 408 413 2060 450 423 2061 483 426 2062 413 424 2063 483 426 2064 486 497 2065 418 427 2066 454 429 2067 487 438 2068 334 430 2069 459 432 2070 462 455 2071 358 433 2072 451 435 2073 337 441 2074 338 436 2075 487 438 2076 490 437 2077 338 436 2078 419 444 2079 347 452 2080 348 445 2081 422 447 2082 455 450 2083 344 448 2084 455 450 2085 458 446 2086 348 445 2087 423 454 2088 357 459 2089 358 433 2090 426 456 2091 459 432 2092 354 434 2093 427 461 2094 367 492 2095 368 462 2096 430 464 2097 463 467 2098 364 465 2099 463 467 2100 466 463 2101 368 462 2102 431 469 2103 377 478 2104 378 470 2105 434 472 2106 467 475 2107 374 473 2108 467 475 2109 470 471 2110 378 470 2111 435 481 2112 387 417 2113 388 482 2114 471 484 2115 474 483 2116 388 482 2117 439 409 2118 396 411 2119 398 407 2120 442 488 2121 475 406 2122 393 408 2123 446 421 2124 479 495 2125 403 494 2126 479 495 2127 482 414 2128 408 413 2129 447 496 2130 416 499 2131 418 427 2132 348 445 2133 347 452 2134 420 500 2135 358 433 2136 357 459 2137 424 502 2138 368 462 2139 367 492 2140 428 491 2141 378 470 2142 377 478 2143 432 477 2144 388 482 2145 387 417 2146 436 416 2147 398 407 2148 396 411 2149 440 507 2150 408 413 2151 406 419 2152 444 509 2153 418 427 2154 416 499 2155 448 511 2156 338 436 2157 337 441 2158 452 440 2159 344 448 2160 456 515 2161 421 514 2162 348 445 2163 457 501 2164 456 515 2165 354 434 2166 460 517 2167 425 516 2168 358 433 2169 461 503 2170 460 517 2171 364 465 2172 464 519 2173 429 518 2174 368 462 2175 465 504 2176 464 519 2177 374 473 2178 468 520 2179 433 479 2180 378 470 2181 469 505 2182 468 520 2183 384 404 2184 472 521 2185 437 485 2186 388 482 2187 473 506 2188 472 521 2189 393 408 2190 476 523 2191 441 522 2192 398 407 2193 477 508 2194 476 523 2195 403 494 2196 480 525 2197 445 524 2198 408 413 2199 481 510 2200 480 525 2201 413 424 2202 484 527 2203 449 526 2204 418 427 2205 485 512 2206 484 527 2207 334 430 2208 488 528 2209 453 442 2210 338 436 2211 489 513 2212 488 528 2213 420 500 2214 491 533 2215 389 547 2216 329 548 2217 359 592 2218 457 501 2219 458 446 2220 363 593 2221 332 549 2222 419 444 2223 332 549 2224 391 550 2225 330 551 2226 404 591 2227 510 543 2228 455 450 2229 422 447 2230 333 552 2231 330 551 2232 421 514 2233 456 515 2234 333 552 2235 422 447 2236 509 453 2237 424 502 2238 493 531 2239 391 550 2240 332 549 2241 363 593 2242 461 503 2243 462 455 2244 366 594 2245 335 556 2246 423 454 2247 335 556 2248 392 557 2249 333 552 2250 405 555 2251 512 541 2252 459 432 2253 426 456 2254 336 558 2255 333 552 2256 425 516 2257 460 517 2258 336 558 2259 426 456 2260 511 460 2261 428 491 2262 495 490 2263 392 557 2264 335 556 2265 366 594 2266 465 504 2267 466 463 2268 370 595 2269 339 561 2270 427 461 2271 339 561 2272 394 562 2273 336 558 2274 407 560 2275 514 538 2276 463 467 2277 430 464 2278 340 563 2279 336 558 2280 429 518 2281 464 519 2282 340 563 2283 430 464 2284 513 468 2285 432 477 2286 497 476 2287 394 562 2288 339 561 2289 370 595 2290 469 505 2291 470 471 2292 373 596 2293 342 566 2294 431 469 2295 342 566 2296 395 567 2297 340 563 2298 409 565 2299 516 480 2300 467 475 2301 434 472 2302 343 568 2303 340 563 2304 433 479 2305 468 520 2306 343 568 2307 434 472 2308 515 542 2309 436 416 2310 499 415 2311 395 567 2312 342 566 2313 373 596 2314 473 506 2315 474 483 2316 376 597 2317 345 571 2318 435 481 2319 345 571 2320 397 572 2321 343 568 2322 411 570 2323 518 486 2324 471 484 2325 438 403 2326 346 573 2327 343 568 2328 437 485 2329 472 521 2330 346 573 2331 438 403 2332 517 539 2333 440 507 2334 501 537 2335 397 572 2336 345 571 2337 376 597 2338 477 508 2339 478 487 2340 380 598 2341 349 576 2342 439 409 2343 349 576 2344 399 577 2345 346 573 2346 412 575 2347 520 546 2348 475 406 2349 442 488 2350 350 578 2351 346 573 2352 441 522 2353 476 523 2354 350 578 2355 442 488 2356 519 493 2357 444 509 2358 503 534 2359 399 577 2360 349 576 2361 380 598 2362 481 510 2363 482 414 2364 383 599 2365 352 581 2366 443 412 2367 352 581 2368 401 582 2369 350 578 2370 414 580 2371 522 544 2372 479 495 2373 446 421 2374 353 583 2375 350 578 2376 445 524 2377 480 525 2378 353 583 2379 446 421 2380 521 420 2381 448 511 2382 505 530 2383 401 582 2384 352 581 2385 383 599 2386 485 512 2387 486 497 2388 386 600 2389 355 586 2390 447 496 2391 355 586 2392 402 587 2393 353 583 2394 415 585 2395 524 540 2396 483 426 2397 450 423 2398 356 588 2399 353 583 2400 449 526 2401 484 527 2402 356 588 2403 450 423 2404 523 428 2405 452 440 2406 507 439 2407 402 587 2408 355 586 2409 386 600 2410 489 513 2411 490 437 2412 359 592 2413 329 548 2414 451 435 2415 329 548 2416 389 547 2417 356 588 2418 417 590 2419 526 443 2420 487 438 2421 454 429 2422 330 551 2423 356 588 2424 453 442 2425 488 528 2426 330 551 2427 454 429 2428 525 545 2429 360 554 2430 456 515 2431 457 501 2432 458 446 2433 455 450 2434 362 553 2435 362 553 2436 460 517 2437 461 503 2438 462 455 2439 459 432 2440 365 559 2441 365 559 2442 464 519 2443 465 504 2444 466 463 2445 463 467 2446 369 564 2447 369 564 2448 468 520 2449 469 505 2450 470 471 2451 467 475 2452 372 569 2453 372 569 2454 472 521 2455 473 506 2456 474 483 2457 471 484 2458 375 574 2459 375 574 2460 476 523 2461 477 508 2462 478 487 2463 475 406 2464 379 579 2465 379 579 2466 480 525 2467 481 510 2468 482 414 2469 479 495 2470 382 584 2471 382 584 2472 484 527 2473 485 512 2474 486 497 2475 483 426 2476 385 589 2477 385 589 2478 488 528 2479 489 513 2480 490 437 2481 487 438 2482 360 554 2483</p>
        </triangles>
      </mesh>
    </geometry>
  </library_geometries>
  <library_visual_scenes>
    <visual_scene id="Scene" name="Scene">
      <node id="hele_struct" name="hele_struct" type="NODE">
        <matrix sid="transform">1 0 0 0 0 1 0 0 0 0 1 0 0 0 0 1</matrix>
        <instance_geometry url="#hele_struct-mesh" name="hele_struct">
          <bind_material>
            <technique_common>
              <instance_material symbol="hele_struct-material" target="#hele_struct-material">
                <bind_vertex_input semantic="UVMap" input_semantic="TEXCOORD" input_set="0"/>
                <bind_vertex_input semantic="ao_map" input_semantic="TEXCOORD" input_set="1"/>
              </instance_material>
            </technique_common>
          </bind_material>
        </instance_geometry>
        <node id="prop_post" name="prop_post" type="NODE">
          <matrix sid="transform">1 0 0 0 0 1 0 0 0 0 1 10.19111 0 0 0 1</matrix>
        </node>
      </node>
    </visual_scene>
  </library_visual_scenes>
  <scene>
    <instance_visual_scene url="#Scene"/>
  </scene>
</COLLADA>