<?xml version="1.0" encoding="utf-8"?>
<COLLADA xmlns="http://www.collada.org/2005/11/COLLADASchema" version="1.4.1" xmlns:xsi="http://www.w3.org/2001/XMLSchema-instance">
  <asset>
    <contributor>
      <author>Blender User</author>
      <authoring_tool>Blender 4.5.7 LTS commit date:2026-02-16, commit time:13:34, hash:a9874eeece8d</authoring_tool>
    </contributor>
    <created>2026-08-27T01:19:22</created>
    <modified>2026-08-27T01:19:22</modified>
    <unit name="meter" meter="1"/>
    <up_axis>Z_UP</up_axis>
  </asset>
  <library_effects>
    <effect id="hele_decor_001-effect">
      <profile_COMMON>
        <newparam sid="hele_decor_png-surface">
          <surface type="2D">
            <init_from>hele_decor_png</init_from>
          </surface>
        </newparam>
        <newparam sid="hele_decor_png-sampler">
          <sampler2D>
            <source>hele_decor_png-surface</source>
          </sampler2D>
        </newparam>
        <technique sid="common">
          <lambert>
            <emission>
              <color sid="emission">0 0 0 1</color>
            </emission>
            <diffuse>
              <texture texture="hele_decor_png-sampler" texcoord="ao_map"/>
            </diffuse>
            <index_of_refraction>
              <float sid="ior">1.5</float>
            </index_of_refraction>
          </lambert>
        </technique>
      </profile_COMMON>
    </effect>
  </library_effects>
  <library_images>
    <image id="hele_decor_png" name="hele_decor_png">
      <init_from>hele_decor.png</init_from>
    </image>
  </library_images>
  <library_materials>
    <material id="hele_decor_001-material" name="hele_decor.001">
      <instance_effect url="#hele_decor_001-effect"/>
    </material>
  </library_materials>
  <library_geometries>
    <geometry id="spart_shields-mesh" name="spart_shields">
      <mesh>
        <source id="spart_shields-mesh-positions">
          <float_array id="spart_shields-mesh-positions-array" count="1128">-0.6537336 2.241072 5.694367 -0.1663921 2.453447 5.841506 -0.5292665 2.522842 5.431919 -0.2022364 2.683729 5.239428 4.48294e-4 2.542547 5.758748 0.2024418 2.684545 5.239401 0.5301947 2.524978 5.431849 0.1676579 2.454121 5.841484 0.6558323 2.243713 5.69428 0.5313656 1.961944 5.956728 0.1041587 2.310371 5.975377 0.2043357 1.773536 6.088674 -0.2003423 1.77272 6.0887 -0.1022953 2.309954 5.97539 -0.5280959 1.959807 5.956799 -0.5293539 2.567862 5.480212 -0.6538211 2.286092 5.742659 -0.2023239 2.728749 5.287721 0.2023535 2.729566 5.287694 0.530107 2.569999 5.480141 0.655745 2.288733 5.742573 0.5312778 2.006965 6.00502 0.2042479 1.818557 6.136967 -0.20043 1.81774 6.136994 -0.5281835 2.004827 6.005091 -0.4303005 2.535294 5.549039 -0.5315192 2.306153 5.762466 -0.1643538 2.66356 5.386847 0.1647374 2.664224 5.386826 0.431272 2.537032 5.548982 0.5334432 2.308302 5.762396 0.4322245 2.079162 5.975823 0.1662778 1.923375 6.077469 -0.1628134 1.922711 6.077491 -0.4293482 2.077424 5.97588 -0.4116767 2.463532 5.736005 1.49007e-4 2.683464 5.531725 0.4128859 2.465195 5.735951 0.2561457 2.110365 6.066449 -0.2534623 2.109338 6.066483 0.5348941 1.291348 6.096923 0 1.397745 6.096923 0.9883553 0.9883554 6.096923 1.291348 0.5348939 6.096923 1.397745 0 6.096923 1.291348 -0.5348941 6.096923 0.9883553 -0.9883552 6.096923 0.5348941 -1.291348 6.096923 0 -1.397745 6.096923 -0.534894 -1.291348 6.096923 -0.9883553 -0.9883552 6.096923 -1.291348 -0.5348941 6.096923 -1.397745 0 6.096923 -1.291348 0.5348939 6.096923 -0.9883553 0.9883554 6.096923 -0.534894 1.291348 6.096923 0.9425147 2.135793 5.694367 1.452149 1.984541 5.841506 1.219162 2.271264 5.431919 1.572981 2.183825 5.239428 1.637176 1.945304 5.758748 1.883159 1.923912 5.239401 2.031217 1.590802 5.431849 1.708192 1.76999 5.841484 1.946271 1.294696 5.69428 1.669624 1.159225 5.956728 1.567056 1.700877 5.975377 1.298087 1.225605 6.088674 0.987909 1.485518 6.0887 1.408812 1.833476 5.97539 0.8575673 1.839686 5.956799 1.24808 2.305769 5.480212 0.9714322 2.170298 5.742659 1.601898 2.21833 5.287721 1.912076 1.958418 5.287694 2.060135 1.625308 5.480141 1.975189 1.329201 5.742573 1.698542 1.193731 6.00502 1.327004 1.260111 6.136967 1.016826 1.520023 6.136994 0.886485 1.874191 6.005091 1.302905 2.217076 5.549039 1.077931 2.106908 5.762466 1.588983 2.144003 5.386847 1.841225 1.932637 5.386826 1.963284 1.663714 5.548982 1.894204 1.422914 5.762396 1.669229 1.312747 5.975823 1.365434 1.364762 6.077469 1.113192 1.576128 6.077491 1.008851 1.86611 5.97588 1.270955 2.150175 5.736005 1.727672 2.053324 5.531725 1.902966 1.620583 5.735951 1.554586 1.449985 6.066449 1.163982 1.777291 6.066483 2.075744 1.068183 5.694367 2.376919 0.6301205 5.841506 2.376041 0.9995695 5.431919 2.596182 0.7091023 5.239428 2.49612 0.4832682 5.758748 2.673939 0.3119638 5.239401 2.579611 -0.04015249 5.431849 2.441105 0.3022942 5.841484 2.327371 -0.2169842 5.69428 2.027074 -0.1483715 5.956728 2.287903 0.3372985 5.975377 1.779914 0.136862 6.088674 1.702157 0.5340002 6.0887 2.248233 0.5399059 5.97539 1.823503 0.8913505 5.956799 2.420223 1.008216 5.480212 2.119926 1.07683 5.742659 2.640364 0.7177494 5.287721 2.718122 0.3206117 5.287694 2.623794 -0.0315048 5.480141 2.371553 -0.2083372 5.742573 2.071256 -0.1397238 6.00502 1.824096 0.1455094 6.136967 1.746339 0.5426477 6.136994 1.867685 0.8999977 6.005091 2.407085 0.9047774 5.549039 2.162878 0.9605743 5.762466 2.583585 0.6680754 5.386847 2.646818 0.3451157 5.386826 2.572633 0.05925738 5.548982 2.367507 -0.08454602 5.762396 2.1233 -0.02874875 5.975823 1.919782 0.2027195 6.077469 1.856548 0.5256795 6.077491 1.957752 0.8167715 5.97588 2.340175 0.8728466 5.736005 2.634409 0.5103597 5.531725 2.498611 0.06364697 5.735951 2.120449 0.1500506 6.066449 2.022531 0.6501641 6.066483 2.275378 -0.5214011 5.694367 2.223233 -1.050443 5.841506 2.460722 -0.7674374 5.431919 2.441772 -1.131408 5.239428 2.219695 -1.239552 5.758748 2.245207 -1.485141 5.239401 1.946107 -1.693523 5.431849 2.060974 -1.34244 5.841484 1.63928 -1.666106 5.69428 1.453936 -1.42007 5.956728 1.966418 -1.21692 5.975377 1.448857 -1.042684 6.088674 1.645422 -0.6889507 6.0887 2.066698 -1.036456 5.97539 1.96855 -0.4939838 5.956799 2.500072 -0.789308 5.480212 2.314729 -0.5432717 5.742659 2.481122 -1.153278 5.287721 2.284558 -1.507011 5.287694 1.985459 -1.715394 5.480141 1.678631 -1.687977 5.742573 1.493288 -1.441941 6.00502 1.488208 -1.064554 6.136967 1.684773 -0.710821 6.136994 2.007901 -0.5158544 6.005091 2.423349 -0.8599174 5.549039 2.272623 -0.6598362 5.762466 2.405694 -1.154651 5.386847 2.245844 -1.442314 5.386826 2.004856 -1.613027 5.548982 1.755338 -1.590731 5.762396 1.604613 -1.39065 5.975823 1.598238 -1.0825 6.077469 1.758089 -0.794838 6.077491 2.023106 -0.6375406 5.97588 2.351613 -0.8411953 5.736005 2.34288 -1.307986 5.531725 1.951096 -1.561954 5.735951 1.717694 -1.252122 6.066449 1.965228 -0.8066691 6.066483 1.391985 -1.873766 5.694367 1.008845 -2.242288 5.841506 1.373215 -2.18123 5.431919 1.122495 -2.445754 5.239428 0.8833758 -2.383823 5.758748 0.7433314 -2.587176 5.239401 0.3805515 -2.551476 5.431849 0.6958566 -2.359028 5.841484 0.1649863 -2.331417 5.69428 0.1837565 -2.023954 5.956728 0.7054327 -2.20217 5.975377 0.4249104 -1.733625 6.088674 0.8040736 -1.592203 6.0887 0.8988696 -2.130021 5.97539 1.176419 -1.653706 5.956799 1.388944 -2.223412 5.480212 1.407715 -1.91595 5.742659 1.138225 -2.487936 5.287721 0.7590622 -2.629359 5.287694 0.396282 -2.59366 5.480141 0.180716 -2.3736 5.742573 0.1994868 -2.066137 6.00502 0.4406405 -1.775808 6.136967 0.8198039 -1.634386 6.136994 1.192149 -1.695889 6.005091 1.284747 -2.227303 5.549039 1.300011 -1.977268 5.762466 1.079964 -2.440009 5.386847 0.7716215 -2.555016 5.386826 0.4774962 -2.528396 5.548982 0.3021941 -2.349439 5.762396 0.3174582 -2.099404 5.975823 0.512676 -1.860894 6.077469 0.8210183 -1.745887 6.077491 1.124709 -1.798312 5.97588 1.242341 -2.16649 5.736005 0.932636 -2.51585 5.531725 0.469767 -2.454648 5.735951 0.4934043 -2.067461 6.066449 0.9708822 -1.88937 6.066483 -0.1236026 -2.330878 5.694367 -0.6537501 -2.370227 5.841506 -0.3342109 -2.555667 5.431919 -0.696039 -2.599412 5.239428 -0.8406641 -2.39917 5.758748 -1.07824 -2.466419 5.239401 -1.334826 -2.207484 5.431849 -0.9692459 -2.260444 5.841484 -1.360431 -1.9005 5.69428 -1.149823 -1.675711 5.956728 -0.8618005 -2.145764 5.975377 -0.7788986 -1.605991 6.088674 -0.3966976 -1.738985 6.0887 -0.6668133 -2.213613 5.97539 -0.1492074 -2.023893 5.956799 -0.3490095 -2.598185 5.480212 -0.1384012 -2.373396 5.742659 -0.7108376 -2.64193 5.287721 -1.093038 -2.508938 5.287694 -1.349625 -2.250003 5.480141 -1.37523 -1.943019 5.742573 -1.164622 -1.71823 6.00502 -0.793697 -1.64851 6.136967 -0.4114958 -1.781503 6.136994 -0.164006 -2.066411 6.005091 -0.4317299 -2.534706 5.549039 -0.2604594 -2.351902 5.762466 -0.7251256 -2.567855 5.386847 -1.035938 -2.459702 5.386826 -1.245448 -2.251558 5.548982 -1.266271 -2.001913 5.762396 -1.095001 -1.81911 5.975823 -0.7925084 -1.759988 6.077469 -0.4816956 -1.86814 6.077491 -0.2812822 -2.102258 5.97588 -0.4255865 -2.460822 5.736005 -0.8869609 -2.532265 5.531725 -1.204351 -2.189837 5.735951 -0.9391333 -1.906761 6.066449 -0.4578306 -2.07424 6.066483 -1.632808 -1.668003 5.694367 -2.056777 -1.347293 5.841506 -1.939419 -1.697608 5.431919 -2.239938 -1.4914 5.239428 -2.216212 -1.245533 5.758748 -2.438985 -1.139058 5.239401 -2.460531 -0.7751631 5.431849 -2.221085 -1.056445 5.841484 -2.27694 -0.5277996 5.69428 -1.97033 -0.4981949 5.956728 -2.064663 -1.041342 5.975377 -1.645822 -0.6909137 6.088674 -1.446774 -1.043256 6.0887 -1.963114 -1.221095 5.97539 -1.449216 -1.420639 5.956799 -1.978618 -1.719748 5.480212 -1.672008 -1.690144 5.742659 -2.279137 -1.513541 5.287721 -2.478185 -1.1612 5.287694 -2.499731 -0.7973046 5.480141 -2.316139 -0.5499404 5.742573 -2.00953 -0.5203362 6.00502 -1.685021 -0.713055 6.136967 -1.485973 -1.065397 6.136994 -1.488415 -1.44278 6.005091 -1.998776 -1.617445 5.549039 -1.749435 -1.59337 5.762466 -2.240923 -1.448494 5.386847 -2.402793 -1.161963 5.386826 -2.422555 -0.8672979 5.548982 -2.273255 -0.6661368 5.762396 -2.023914 -0.6420615 5.975823 -1.757779 -0.7975249 6.077469 -1.595909 -1.084056 6.077491 -1.600136 -1.39221 5.97588 -1.945352 -1.566041 5.736005 -2.338897 -1.314859 5.531725 -2.350927 -0.8481164 5.735951 -1.964815 -0.8108355 6.066449 -1.714156 -1.254538 6.066483 -2.324362 -0.2145943 5.694367 -2.439971 0.3042885 5.841506 -2.577248 -0.03871113 5.431919 -2.672863 0.312986 5.239428 -2.495643 0.4850511 5.758748 -2.596545 0.7104035 5.239401 -2.377441 1.001741 5.431849 -2.376972 0.6323445 5.841484 -2.077389 1.071475 5.69428 -1.824503 0.8955922 5.956728 -2.247958 0.5426149 5.975377 -1.70187 0.5386508 6.088674 -1.778189 0.1412335 6.0887 -2.286893 0.339865 5.97539 -2.024307 -0.1448602 5.956799 -2.621459 -0.03021723 5.480212 -2.368574 -0.2061006 5.742659 -2.717075 0.3214797 5.287721 -2.640757 0.7188965 5.287694 -2.421654 1.010235 5.480141 -2.121601 1.079969 5.742573 -1.868715 0.9040856 6.00502 -1.746082 0.5471441 6.136967 -1.822401 0.1497268 6.136994 -2.06852 -0.1363666 6.005091 -2.570611 0.0608139 5.549039 -2.364959 -0.08221721 5.762466 -2.645845 0.3463308 5.386847 -2.583781 0.6695175 5.386826 -2.408127 0.9069281 5.548982 -2.164118 0.9636377 5.762396 -1.958466 0.8206065 5.975823 -1.856216 0.5298452 6.077469 -1.91828 0.2066584 6.077491 -2.120951 -0.0255078 5.97588 -2.496615 0.06542086 5.736005 -2.634035 0.5116118 5.531725 -2.34111 0.8751892 5.735951 -2.022652 0.653701 6.066449 -2.118761 0.1532366 6.066483 -1.939891 1.2985 5.694367 -1.702599 1.774207 5.841506 -2.025364 1.59444 5.431919 -1.877925 1.927749 5.239428 -1.631888 1.949633 5.758748 -1.568186 2.188185 5.239401 -1.214456 2.276269 5.431849 -1.446918 1.989189 5.841484 -0.9375549 2.141288 5.69428 -0.8520817 1.845348 5.956728 -1.403313 1.83821 5.975377 -0.9818512 1.490939 6.088674 -1.29159 1.230503 6.0887 -1.561332 1.705343 5.97539 -1.662989 1.163517 5.956799 -2.054334 1.6289 5.480212 -1.968862 1.33296 5.742659 -1.906896 1.962209 5.287721 -1.597158 2.222645 5.287694 -1.243428 2.31073 5.480141 -0.9665254 2.175748 5.742573 -0.8810528 1.879808 6.00502 -1.010822 1.525399 6.136967 -1.320561 1.264963 6.136994 -1.69196 1.197978 6.005091 -1.957482 1.667524 5.549039 -1.887974 1.42686 5.762466 -1.835932 1.936607 5.386847 -1.584047 2.148398 5.386826 -1.298039 2.222001 5.548982 -1.072856 2.112231 5.762396 -1.003348 1.871568 5.975823 -1.107229 1.581385 6.077469 -1.359114 1.369594 6.077491 -1.662792 1.317091 5.97588 -1.897131 1.624462 5.736005 -1.722589 2.057481 5.531725 -1.266014 2.15512 5.735951 -1.158379 1.782445 6.066449 -1.548431 1.454481 6.066483</float_array>
          <technique_common>
            <accessor source="#spart_shields-mesh-positions-array" count="376" stride="3">
              <param name="X" type="float"/>
              <param name="Y" type="float"/>
              <param name="Z" type="float"/>
            </accessor>
          </technique_common>
        </source>
        <source id="spart_shields-mesh-normals">
          <float_array id="spart_shields-mesh-normals-array" count="1128">-0.8228255 0.3864819 0.4166414 -0.8116512 0.4265431 -0.3991035 -0.999998 -0.002018928 6.82363e-5 -0.2503637 0.9590938 -0.1321254 -0.3123922 0.6945725 -0.6480587 0.2464432 0.9601038 -0.1321611 0.3094708 0.6958335 -0.6481078 0.8098475 0.4298276 -0.3992434 0.8213508 0.3897614 0.4164963 0.999998 0.0020141 -6.876e-5 0.6412836 0.02794301 0.766795 0.7986126 -0.4394927 0.4111741 0.2305299 -0.1981263 0.9526814 0.2925176 -0.6991991 0.6523451 -0.2896415 -0.7003704 0.652372 0.1065089 0.5622659 0.8200689 0.1726894 0.7120898 0.6805193 -0.001585245 0.8042484 0.5942912 -0.229635 -0.1990534 0.9527043 -0.7967982 -0.4426946 0.4112595 -0.6412894 0.02541202 0.7668783 -0.3597572 0.6164495 0.7004034 -0.6524304 0.7522478 0.09196734 -0.1179881 0.9111182 0.3948958 -0.2639293 0.8263989 0.4973994 0.1143662 0.9115899 0.3948726 0.6494055 0.7548805 0.09180438 0.3573455 0.6179145 0.700347 0.2606785 0.827439 0.4973849 0.2882494 0.4653725 0.8368636 0.06191021 0.3061746 0.9499602 -0.06301504 0.3059316 0.9499658 -0.2900446 0.4641779 0.8369068 -0.4736054 0.7028262 0.5307856 -0.001949727 0.9674898 0.2529025 0.4706326 0.7047748 0.5308461 0.2862294 0.2280642 0.9306232 -0.2871106 0.2268537 0.9306477 -0.1754689 0.7113873 0.680543 -0.1086664 0.5618339 0.8200819 0.5276971 0.5276696 0.6656581 -0.5276695 0.527697 0.6656582 -0.5276966 -0.5276696 0.6656584 -0.3807891 0.8254748 0.4166426 -0.3464416 0.8489375 -0.3991033 -0.7664791 0.6422693 7.01313e-5 0.4259003 0.8950703 -0.1321294 0.2081321 0.732593 -0.6480653 0.8067046 0.5759871 -0.1321606 0.6847933 0.3331934 -0.6481052 0.89641 -0.1924953 -0.3992427 0.8794168 -0.2305595 0.4164956 0.766476 -0.642273 -6.94021e-5 0.5086853 -0.3914864 0.7667971 0.3281286 -0.85045 0.4111768 0.04884409 -0.3000199 0.9526817 -0.2263206 -0.7233412 0.6523469 -0.6725335 -0.3494344 0.6523761 0.2785713 0.4998661 0.8200805 0.5905907 0.4336974 0.6805214 0.5165755 0.6164168 0.5942896 -0.3038642 -0.004469573 0.9527049 -0.8947074 0.1742507 0.4112607 -0.4743413 0.4323176 0.7668781 0.1216005 0.7033119 0.700404 -0.01491814 0.9956502 0.09196782 0.4963089 0.7731327 0.3948965 0.3300918 0.8022677 0.4973992 0.6744064 0.6239011 0.3948714 0.9829161 0.1595239 0.0918051 0.6712582 0.2427513 0.7003459 0.7321832 0.4653115 0.4973861 0.5201753 0.170516 0.8368645 0.2444925 0.1944211 0.9499599 0.1487437 0.2746627 0.9499663 0.07690936 0.5419149 0.8369069 0.09009456 0.8427041 0.5307853 0.6213917 0.7415609 0.2529028 0.8138636 0.2362796 0.5308465 0.3658476 -0.009767353 0.9306235 -0.07363778 0.3584298 0.930648 0.3237357 0.65731 0.680543 0.4434927 0.3616659 0.8200684 0.2229572 0.8813062 0.4166407 0.2644217 0.8779507 -0.3991035 -0.1921456 0.9813665 6.65206e-5 0.8939805 0.4281833 -0.1321296 0.6224842 0.4387764 -0.6480655 0.9894492 -0.05936592 -0.13216 0.741989 -0.1714977 -0.6481058 0.5759888 -0.7133318 -0.3992426 0.5388419 -0.7322432 0.4164966 0.1921436 -0.9813668 -6.89719e-5 0.1493833 -0.6242666 0.7667959 -0.2796013 -0.8676148 0.4111785 -0.1506664 -0.2640004 0.9526823 -0.6308076 -0.4201449 0.6523497 -0.7426679 0.1511729 0.6523735 0.5722612 0.002359509 0.8200681 0.7319347 -0.03412306 0.6805198 0.7892714 0.1544948 0.5942912 -0.2390888 0.1875922 0.9527045 -0.5861387 0.6980748 0.411258 -0.09700292 0.6344206 0.7668775 0.5367876 0.4704182 0.7004041 0.6144543 0.7835737 0.09196829 0.8720548 0.2890978 0.3948963 0.7611268 0.4162688 0.4973996 0.9167038 0.0610736 0.3948724 0.8646 -0.4940027 0.09180516 0.6745932 -0.2333192 0.7003472 0.8619115 -0.09857094 0.4973856 0.5116936 -0.1944919 0.8368648 0.3123607 -0.002556324 0.9499602 0.2883656 0.1200416 0.949966 0.4005507 0.3730221 0.8369072 0.5999366 0.5986177 0.5307852 0.9494644 0.1858968 0.2529029 0.7814112 -0.3280226 0.5308464 0.2783331 -0.237635 0.9306236 0.1681167 0.3250113 0.9306474 0.6650378 0.3075488 0.6805428 0.5309167 0.2135251 0.820082 0.7385702 0.5300231 0.4166409 0.7681075 0.500729 -0.3991006 0.4857278 0.8741101 6.67301e-5 0.9594614 -0.2489508 -0.1321264 0.7587369 -0.06584006 -0.6480613 0.7181568 -0.6832161 -0.1321613 0.456695 -0.6094153 -0.648107 -0.01950269 -0.9166378 -0.399243 -0.06008958 -0.9071496 0.4164961 -0.4857304 -0.8741087 -6.95267e-5 -0.2882264 -0.5735409 0.7667962 -0.7730531 -0.4830363 0.4111751 -0.2853682 -0.1046994 0.9526821 -0.7530899 0.08544576 0.6523455 -0.4703106 0.5943224 0.6523718 0.4390075 -0.3670954 0.8200692 0.5375595 -0.4979171 0.6805208 0.7029824 -0.3906828 0.5942918 -0.06185221 0.297538 0.9527043 0.001905739 0.9115169 0.4112582 0.3348127 0.5475394 0.7668775 0.7136172 0.01359587 0.7004041 0.9748639 0.2029339 0.0919696 0.8530408 -0.3411442 0.3948954 0.8502154 -0.1724182 0.4973989 0.7401811 -0.5442503 0.3948717 0.3425248 -0.9350125 0.09180659 0.3653126 -0.6132376 0.7003474 0.5953806 -0.630974 0.4973869 0.2658075 -0.4785434 0.8368648 0.2371515 -0.2033133 0.9499594 0.2978354 -0.09412074 0.949966 0.546681 0.02696162 0.8369068 0.8445355 0.07089704 0.5307856 0.8456921 -0.4699418 0.2529023 0.3859267 -0.7544954 0.5308459 0.05959492 -0.3610932 0.9306235 0.3380369 0.1400945 0.9306474 0.7066705 -0.1935887 0.680544 0.5435258 -0.1790103 0.8200824 0.9058552 -0.07639205 0.4166421 0.909302 -0.1178423 -0.3991031 0.9369481 0.3494685 7.04906e-5 0.5681126 -0.8122749 -0.1321271 0.5343308 -0.5426819 -0.6480641 0.1026341 -0.9859008 -0.1321593 -0.04831635 -0.7600175 -0.6481041 -0.6099578 -0.6845113 -0.3992442 -0.6346688 -0.6509436 0.4164949 -0.9369485 -0.3494675 -7.18982e-5 -0.5915891 -0.2490935 0.7667952 -0.9015777 0.1345151 0.4111734 -0.2850194 0.1056464 0.952682 -0.5173026 0.5539336 0.6523463 0.02815461 0.7573752 0.6523727 0.2971715 -0.489037 0.8200805 0.08558326 -0.7277144 0.6805199 0.2810217 -0.7535555 0.5942903 0.1461324 0.2664572 0.9527046 0.5932485 0.6920422 0.4112588 0.6101391 0.1990702 0.7668777 0.5515896 -0.4529719 0.7004037 0.8732151 -0.4785785 0.09196782 0.4273156 -0.8133007 0.394897 0.5347114 -0.6831387 0.4973984 0.2096114 -0.894505 0.3948721 -0.3465382 -0.9335327 0.09180557 -0.1202972 -0.7035929 0.7003468 0.04317325 -0.8664542 0.4973863 -0.108525 -0.5365445 0.8368646 0.0483691 -0.3086041 0.9499601 0.1654188 -0.2649557 0.949966 0.4332984 -0.3344249 0.8369066 0.6883647 -0.4943899 0.5307851 0.3381056 -0.9064904 0.2529028 -0.1963262 -0.8244147 0.5308451 -0.1891112 -0.3133305 0.9306241 0.3480587 -0.112917 0.9306477 0.4117897 -0.6060442 0.6805437 0.09556412 -0.5642303 0.8200682 0.6488241 -0.63674 0.4166406 0.6250323 -0.6708588 -0.3991028 0.9444553 -0.3286402 6.63611e-5 -0.08073025 -0.98794 -0.1321256 0.0652486 -0.7587881 -0.6480612 -0.5499497 -0.8246752 -0.1321598 -0.5220855 -0.5544219 -0.6481074 -0.9064038 -0.1379755 -0.3992432 -0.9040169 -0.09636044 0.4164952 -0.9444543 0.3286429 -7.14207e-5 -0.614471 0.1856018 0.7667969 -0.6084484 0.678767 0.4111765 -0.1520832 0.2631913 0.952681 -0.04495871 0.756589 0.6523435 0.5048633 0.5652649 0.6523717 -0.2863782 -0.4954549 0.8200684 -0.3983596 -0.6149806 0.6805209 -0.2643458 -0.7595652 0.5942915 0.2825241 0.1119613 0.952704 0.89834 0.154434 0.4112608 0.5968431 -0.2359586 0.7668781 0.135772 -0.7007142 0.7004038 0.3671043 -0.9256223 0.09196716 -0.1898084 -0.8989052 0.3948954 -0.02406603 -0.8671896 0.4973964 -0.4092576 -0.8225471 0.3948729 -0.8624237 -0.4977921 0.09180653 -0.541509 -0.4650626 0.7003462 -0.5195296 -0.6947624 0.4973874 -0.4258722 -0.3439342 0.8368646 -0.1596363 -0.2685004 0.9499599 -0.04164987 -0.3095641 0.9499661 0.1203095 -0.5339589 0.8369072 0.2146708 -0.819868 0.5307853 -0.3179584 -0.9137524 0.2529011 -0.6771389 -0.5095939 0.5308457 -0.3455248 -0.1206331 0.9306236 0.1959846 -0.3090051 0.9306482 -0.06953954 -0.7294002 0.6805437 -0.08315342 -0.5661726 0.8200818 0.06639099 -0.906643 0.4166424 0.02598339 -0.9165381 -0.3991026 0.4918668 -0.8706706 7.06302e-5 -0.7132984 -0.6882935 -0.1321267 -0.4523209 -0.6127156 -0.6480628 -0.9576698 -0.2557392 -0.1321592 -0.7582082 -0.07127857 -0.6481048 -0.7715722 0.4952533 -0.3992499 -0.7422899 0.5249167 0.4164952 -0.4918583 0.8706753 -7.1832e-5 -0.3386511 0.5452879 0.7667963 -0.008313 0.9115195 0.4111732 0.05970954 0.2980496 0.9526811 0.466095 0.5976632 0.6523451 0.7524385 0.09078663 0.6523759 -0.4364709 -0.3700786 0.8200823 -0.5423064 -0.1827342 0.8200683 -0.7053335 -0.1984769 0.680523 0.2860518 -0.1026068 0.9527048 0.7763981 -0.4775705 0.4112571 0.2921509 -0.5714436 0.7668769 -0.3610147 -0.6157126 0.7004045 -0.3359487 -0.9373795 0.09196817 -0.7363587 -0.5493929 0.3948967 -0.5909843 -0.6350846 0.4973984 -0.8506492 -0.3470896 0.3948731 -0.9762794 0.1960898 0.09180116 -0.7137509 0.008638918 0.7003464 -0.8490058 -0.1783124 0.4973871 -0.5469195 0.0231716 0.8368646 -0.2972248 -0.09609383 0.9499598 -0.2357841 -0.2048665 0.9499661 -0.2624558 -0.4803172 0.8369064 -0.3805082 -0.7572852 0.530785 -0.8423689 -0.4758741 0.2529004 -0.8449859 0.06481665 0.5308462 -0.3390771 0.137718 0.9306238 -0.05702757 -0.3614458 0.9306475 -0.5340892 -0.5016069 0.6805434 -0.7002568 -0.3955506 0.5942897 -0.5362087 -0.7340915 0.4166412 -0.5734118 -0.7154837 -0.3991016 -0.1885939 -0.9820553 6.85854e-5 -0.9892284 -0.06300199 -0.1321284 -0.7413701 -0.1743049 -0.648065 -0.8955447 0.4248928 -0.1321595 -0.624108 0.4364028 -0.6481063 -0.2676115 0.8769174 -0.3992494 -0.2260944 0.8805754 0.4164953 0.1885929 0.9820554 -7.15053e-5 0.0947833 0.6348549 0.7667957 0.5836356 0.7002187 0.4111731 0.2384245 0.1885502 0.9526818 0.7421264 0.1539148 0.6523487 0.6323306 -0.4178081 0.6523759 -0.5722471 3.96919e-4 0.8200812 -0.6661272 0.3052285 0.680522 -0.7898126 0.1517119 0.5942891 0.1516423 -0.2633606 0.9527045 0.2827308 -0.8665614 0.4112598 -0.1471607 -0.6246939 0.7668776 -0.6737107 -0.2356857 0.7004044 -0.8627979 -0.4971131 0.09196978 -0.9169052 0.05780619 0.3948966 -0.8615506 -0.1016073 0.4973997 -0.8730886 0.2859922 0.3948733 -0.6172876 0.7813631 0.09180271 -0.5384907 0.4685526 0.7003473 -0.7625964 0.4135845 0.4973878 -0.4019123 0.3716526 0.8368637 -0.2887647 0.1191233 0.9499603 -0.3123306 -0.003556787 0.9499668 -0.5109456 -0.1962688 0.836907 -0.7802013 -0.3309881 0.530785 -0.9501309 0.1824622 0.252901 -0.6021681 0.5963184 0.5308466 -0.1693372 0.3244453 0.9306237 -0.2774124 -0.2386168 0.9306474 -0.731789 -0.03668278 0.6805434 -0.5316665 0.2117069 0.8200677 -0.8789812 -0.2319532 0.4166411 -0.8961366 -0.1940592 -0.3990996 -0.7653952 -0.6435607 7.03111e-5 -0.8077053 0.5745906 -0.1321287 -0.6854306 0.3319578 -0.6480656 -0.4274587 0.8943223 -0.1321622 -0.2094712 0.7321707 -0.6481111 0.344951 0.8494772 -0.399246 0.3794845 0.8261491 0.4164964 0.7653933 0.6435629 -6.9124e-5 0.47373 0.4331347 0.7667948 0.8944534 0.175763 0.4111699 0.303945 -0.003896713 0.9526817 0.67317 -0.3482657 0.6523444 0.2275816 -0.7229242 0.6523706 -0.4440191 0.3609882 0.8200822 -0.2793274 0.4994649 0.8200677 -0.3247755 0.6568192 0.6805214 -0.04826354 -0.3000421 0.9527043 -0.3266835 -0.8509669 0.4112582 -0.5079889 -0.3922349 0.7668763 -0.6715939 0.2416561 0.7004027 -0.9831671 0.1578733 0.09197062 -0.6754132 0.622795 0.3948968 -0.7329145 0.4641447 0.4973993 -0.4975724 0.7723324 0.3948726 0.01325058 0.9956889 0.09180462 -0.1227375 0.703171 0.7003472 -0.3313697 0.801748 0.4973874 -0.07777899 0.5418565 0.8368644 -0.1491047 0.2744882 0.94996 -0.2447245 0.1940997 0.949966 -0.5203849 0.1696683 0.8369064 -0.814336 0.2347874 0.5307842 -0.6226393 0.7405143 0.2529008 -0.09164607 0.8424979 0.5308468 0.07302623 0.3586175 0.9306238 -0.365769 -0.0104025 0.9306476 -0.5912533 0.432759 0.6805433 -0.5175577 0.615592 0.59429 -0.285598 -0.6894441 0.6656581 0.5276696 -0.527697 0.6656582 -1.95354e-5 -0.7462569 0.6656581 0.285562 -0.689459 0.6656581 0.6894441 -0.2855979 0.6656581 0.7462569 -1.95205e-5 0.6656581 0.6894589 0.2855621 0.6656581 0.2855993 0.689444 0.6656576 1.91182e-5 0.7462569 0.6656581 -0.2855622 0.689459 0.6656581 -0.689444 0.285598 0.6656581 -0.7462569 1.94013e-5 0.6656581 -0.6894572 -0.2855621 0.6656599</float_array>
          <technique_common>
            <accessor source="#spart_shields-mesh-normals-array" count="376" stride="3">
              <param name="X" type="float"/>
              <param name="Y" type="float"/>
              <param name="Z" type="float"/>
            </accessor>
          </technique_common>
        </source>
        <source id="spart_shields-mesh-map-0">
          <float_array id="spart_shields-mesh-map-0-array" count="3756">0.2460634 0.6220127 0.2322995 0.5489882 0.2595065 0.6220729 0.2322995 0.5489882 0.1650847 0.5171384 0.1693912 0.5048336 0.1693912 0.5048336 0.09653306 0.5174216 0.09283351 0.5047396 0.09653306 0.5174216 0.02831757 0.5499854 0.09283351 0.5047396 0.02831757 0.5499854 0.0176934 0.6259187 0.004189074 0.6256982 0.004189074 0.6256982 0.04145544 0.6926148 0.03050988 0.7002726 0.03050988 0.7002726 0.09830832 0.7336038 0.09391164 0.7462578 0.09830832 0.7336038 0.1727475 0.7449811 0.09391164 0.7462578 0.114076 0.6503853 0.1021618 0.6161186 0.1314986 0.5938972 0.1688756 0.7321552 0.2365833 0.6986678 0.1727475 0.7449811 0.225751 0.6905314 0.2595065 0.6220729 0.2365833 0.6986678 0.2393544 0.6221705 0.2376306 0.5445674 0.2663919 0.6215437 0.1633863 0.5219184 0.2376306 0.5445674 0.2185863 0.5591784 0.1633863 0.5219184 0.09020435 0.4983069 0.1709769 0.4979731 0.09820234 0.522436 0.02236324 0.5464625 0.09020435 0.4983069 0.0244553 0.6256935 0.02236324 0.5464625 0.04323351 0.561495 0.04490917 0.690195 -0.002690255 0.626146 0.0244553 0.6256935 0.09973335 0.7286387 0.02530789 0.7047322 0.04490917 0.690195 0.1672794 0.7267917 0.09229606 0.7530285 0.09973335 0.7286387 0.1672794 0.7267917 0.2424583 0.7022774 0.1754437 0.7513216 0.2212187 0.6876787 0.2663919 0.6215437 0.2424583 0.7022774 0.2064053 0.5988675 0.2185863 0.5591784 0.2393544 0.6221705 0.1310255 0.5452399 0.2185863 0.5591784 0.2064053 0.5988675 0.1310255 0.5452399 0.09820234 0.522436 0.1633863 0.5219184 0.1310255 0.5452399 0.04323351 0.561495 0.09820234 0.522436 0.05671274 0.6010439 0.0244553 0.6256935 0.04323351 0.561495 0.05671274 0.6010439 0.04490917 0.690195 0.0244553 0.6256935 0.08673524 0.6890017 0.09973335 0.7286387 0.04490917 0.690195 0.08673524 0.6890017 0.1672794 0.7267917 0.09973335 0.7286387 0.1796745 0.6881912 0.2212187 0.6876787 0.1672794 0.7267917 0.2064053 0.5988675 0.2212187 0.6876787 0.1796745 0.6881912 0.1613513 0.6153202 0.1310255 0.5452399 0.2064053 0.5988675 0.1314986 0.5938972 0.05671274 0.6010439 0.1310255 0.5452399 0.1021618 0.6161186 0.08673524 0.6890017 0.05671274 0.6010439 0.1502224 0.6503086 0.08673524 0.6890017 0.114076 0.6503853 0.1613513 0.6153202 0.1796745 0.6881912 0.1502224 0.6503086 0.7845349 0.2881565 0.922617 0.3156227 0.8951507 0.4537048 0.2448456 0.8742712 0.2312287 0.8020268 0.2581451 0.8743308 0.2312287 0.8020268 0.1647317 0.7705169 0.1689922 0.7583436 0.1689922 0.7583436 0.0969122 0.7707973 0.09325212 0.7582506 0.0969122 0.7707973 0.0294252 0.8030132 0.09325212 0.7582506 0.0294252 0.8030132 0.01891452 0.8781356 0.005554378 0.8779175 0.005554378 0.8779175 0.04242277 0.9441193 0.03159415 0.9516953 0.03159415 0.9516953 0.09866845 0.9846707 0.0943188 0.9971894 0.09866845 0.9846707 0.1723126 0.9959264 0.0943188 0.9971894 0.1500282 0.9022651 0.1024808 0.8684401 0.1315044 0.8464561 0.1684822 0.9832375 0.2354667 0.9501076 0.1723126 0.9959264 0.2247501 0.9420581 0.2581451 0.8743308 0.2354667 0.9501076 0.2382082 0.8744274 0.2365028 0.7976531 0.264957 0.8738073 0.1630514 0.775246 0.2365028 0.7976531 0.2176619 0.812108 0.1630514 0.775246 0.09065109 0.7518867 0.1705609 0.7515564 0.09856367 0.775758 0.02353447 0.7995281 0.09065109 0.7518867 0.02560418 0.8779127 0.02353447 0.7995281 0.04418182 0.8144 0.04583966 0.9417254 -0.001251399 0.8783605 0.02560418 0.8779127 0.1000782 0.9797585 0.02644765 0.9561074 0.04583966 0.9417254 0.1669029 0.9779313 0.09272044 1.003888 0.1000782 0.9797585 0.1669029 0.9779313 0.241279 0.9536787 0.17498 1.002199 0.2202662 0.939236 0.264957 0.8738073 0.241279 0.9536787 0.205611 0.8513733 0.2176619 0.812108 0.2382082 0.8744274 0.1310362 0.7983185 0.2176619 0.812108 0.205611 0.8513733 0.1310362 0.7983185 0.09856367 0.775758 0.1630514 0.775246 0.1310362 0.7983185 0.04418182 0.8144 0.09856367 0.775758 0.05751717 0.8535265 0.02560418 0.8779127 0.04418182 0.8144 0.05751717 0.8535265 0.04583966 0.9417254 0.02560418 0.8779127 0.08721899 0.9405447 0.1000782 0.9797585 0.04583966 0.9417254 0.08721899 0.9405447 0.1669029 0.9779313 0.1000782 0.9797585 0.1791656 0.939743 0.2202662 0.939236 0.1669029 0.9779313 0.205611 0.8513733 0.2202662 0.939236 0.1791656 0.939743 0.1315044 0.8464561 0.205611 0.8513733 0.1610382 0.8676502 0.1315044 0.8464561 0.05751717 0.8535265 0.1310362 0.7983185 0.1024808 0.8684401 0.08721899 0.9405447 0.05751717 0.8535265 0.1500282 0.9022651 0.08721899 0.9405447 0.1142678 0.9023408 0.1610382 0.8676502 0.1791656 0.939743 0.1500282 0.9022651 0.2460634 0.6220127 0.2322995 0.5489882 0.2595065 0.6220729 0.2322995 0.5489882 0.1650847 0.5171384 0.1693912 0.5048336 0.1693912 0.5048336 0.09653306 0.5174216 0.09283351 0.5047396 0.09653306 0.5174216 0.02831757 0.5499854 0.09283351 0.5047396 0.02831757 0.5499854 0.0176934 0.6259187 0.004189074 0.6256982 0.004189074 0.6256982 0.04145544 0.6926148 0.03050988 0.7002726 0.03050988 0.7002726 0.09830832 0.7336038 0.09391164 0.7462578 0.09830832 0.7336038 0.1727475 0.7449811 0.09391164 0.7462578 0.114076 0.6503853 0.1021618 0.6161186 0.1314986 0.5938972 0.1688756 0.7321552 0.2365833 0.6986678 0.1727475 0.7449811 0.225751 0.6905314 0.2595065 0.6220729 0.2365833 0.6986678 0.2393544 0.6221705 0.2376306 0.5445674 0.2663919 0.6215437 0.1633863 0.5219184 0.2376306 0.5445674 0.2185863 0.5591784 0.1633863 0.5219184 0.09020435 0.4983069 0.1709769 0.4979731 0.09820234 0.522436 0.02236324 0.5464625 0.09020435 0.4983069 0.0244553 0.6256935 0.02236324 0.5464625 0.04323351 0.561495 0.04490917 0.690195 -0.002690255 0.626146 0.0244553 0.6256935 0.09973335 0.7286387 0.02530789 0.7047322 0.04490917 0.690195 0.1672794 0.7267917 0.09229606 0.7530285 0.09973335 0.7286387 0.1672794 0.7267917 0.2424583 0.7022774 0.1754437 0.7513216 0.2212187 0.6876787 0.2663919 0.6215437 0.2424583 0.7022774 0.2064053 0.5988675 0.2185863 0.5591784 0.2393544 0.6221705 0.1310255 0.5452399 0.2185863 0.5591784 0.2064053 0.5988675 0.1310255 0.5452399 0.09820234 0.522436 0.1633863 0.5219184 0.1310255 0.5452399 0.04323351 0.561495 0.09820234 0.522436 0.05671274 0.6010439 0.0244553 0.6256935 0.04323351 0.561495 0.05671274 0.6010439 0.04490917 0.690195 0.0244553 0.6256935 0.08673524 0.6890017 0.09973335 0.7286387 0.04490917 0.690195 0.08673524 0.6890017 0.1672794 0.7267917 0.09973335 0.7286387 0.1796745 0.6881912 0.2212187 0.6876787 0.1672794 0.7267917 0.2064053 0.5988675 0.2212187 0.6876787 0.1796745 0.6881912 0.1314986 0.5938972 0.2064053 0.5988675 0.1613513 0.6153202 0.1314986 0.5938972 0.05671274 0.6010439 0.1310255 0.5452399 0.1021618 0.6161186 0.08673524 0.6890017 0.05671274 0.6010439 0.1502224 0.6503086 0.08673524 0.6890017 0.114076 0.6503853 0.1613513 0.6153202 0.1796745 0.6881912 0.1502224 0.6503086 0.2448456 0.8742712 0.2312287 0.8020268 0.2581451 0.8743308 0.2312287 0.8020268 0.1647317 0.7705169 0.1689922 0.7583436 0.1689922 0.7583436 0.0969122 0.7707973 0.09325212 0.7582506 0.0969122 0.7707973 0.0294252 0.8030132 0.09325212 0.7582506 0.0294252 0.8030132 0.01891452 0.8781356 0.005554378 0.8779175 0.005554378 0.8779175 0.04242277 0.9441193 0.03159415 0.9516953 0.03159415 0.9516953 0.09866845 0.9846707 0.0943188 0.9971894 0.09866845 0.9846707 0.1723126 0.9959264 0.0943188 0.9971894 0.1142678 0.9023408 0.1024808 0.8684401 0.1315044 0.8464561 0.1684822 0.9832375 0.2354667 0.9501076 0.1723126 0.9959264 0.2247501 0.9420581 0.2581451 0.8743308 0.2354667 0.9501076 0.2382082 0.8744274 0.2365028 0.7976531 0.264957 0.8738073 0.1630514 0.775246 0.2365028 0.7976531 0.2176619 0.812108 0.1630514 0.775246 0.09065109 0.7518867 0.1705609 0.7515564 0.09856367 0.775758 0.02353447 0.7995281 0.09065109 0.7518867 0.02560418 0.8779127 0.02353447 0.7995281 0.04418182 0.8144 0.04583966 0.9417254 -0.001251399 0.8783605 0.02560418 0.8779127 0.1000782 0.9797585 0.02644765 0.9561074 0.04583966 0.9417254 0.1669029 0.9779313 0.09272044 1.003888 0.1000782 0.9797585 0.1669029 0.9779313 0.241279 0.9536787 0.17498 1.002199 0.2202662 0.939236 0.264957 0.8738073 0.241279 0.9536787 0.205611 0.8513733 0.2176619 0.812108 0.2382082 0.8744274 0.1310362 0.7983185 0.2176619 0.812108 0.205611 0.8513733 0.1310362 0.7983185 0.09856367 0.775758 0.1630514 0.775246 0.1310362 0.7983185 0.04418182 0.8144 0.09856367 0.775758 0.05751717 0.8535265 0.02560418 0.8779127 0.04418182 0.8144 0.05751717 0.8535265 0.04583966 0.9417254 0.02560418 0.8779127 0.08721899 0.9405447 0.1000782 0.9797585 0.04583966 0.9417254 0.08721899 0.9405447 0.1669029 0.9779313 0.1000782 0.9797585 0.1791656 0.939743 0.2202662 0.939236 0.1669029 0.9779313 0.205611 0.8513733 0.2202662 0.939236 0.1791656 0.939743 0.1315044 0.8464561 0.205611 0.8513733 0.1610382 0.8676502 0.1315044 0.8464561 0.05751717 0.8535265 0.1310362 0.7983185 0.1024808 0.8684401 0.08721899 0.9405447 0.05751717 0.8535265 0.1500282 0.9022651 0.08721899 0.9405447 0.1142678 0.9023408 0.1610382 0.8676502 0.1791656 0.939743 0.1500282 0.9022651 0.2460634 0.6220127 0.2322995 0.5489882 0.2595065 0.6220729 0.2322995 0.5489882 0.1650847 0.5171384 0.1693912 0.5048336 0.1693912 0.5048336 0.09653306 0.5174216 0.09283351 0.5047396 0.09653306 0.5174216 0.02831757 0.5499854 0.09283351 0.5047396 0.02831757 0.5499854 0.0176934 0.6259187 0.004189074 0.6256982 0.004189074 0.6256982 0.04145544 0.6926148 0.03050988 0.7002726 0.03050988 0.7002726 0.09830832 0.7336038 0.09391164 0.7462578 0.09830832 0.7336038 0.1727475 0.7449811 0.09391164 0.7462578 0.1502224 0.6503086 0.1021618 0.6161186 0.1314986 0.5938972 0.1688756 0.7321552 0.2365833 0.6986678 0.1727475 0.7449811 0.225751 0.6905314 0.2595065 0.6220729 0.2365833 0.6986678 0.2393544 0.6221705 0.2376306 0.5445674 0.2663919 0.6215437 0.1633863 0.5219184 0.2376306 0.5445674 0.2185863 0.5591784 0.1633863 0.5219184 0.09020435 0.4983069 0.1709769 0.4979731 0.09820234 0.522436 0.02236324 0.5464625 0.09020435 0.4983069 0.0244553 0.6256935 0.02236324 0.5464625 0.04323351 0.561495 0.04490917 0.690195 -0.002690255 0.626146 0.0244553 0.6256935 0.09973335 0.7286387 0.02530789 0.7047322 0.04490917 0.690195 0.1672794 0.7267917 0.09229606 0.7530285 0.09973335 0.7286387 0.1672794 0.7267917 0.2424583 0.7022774 0.1754437 0.7513216 0.2212187 0.6876787 0.2663919 0.6215437 0.2424583 0.7022774 0.2064053 0.5988675 0.2185863 0.5591784 0.2393544 0.6221705 0.1310255 0.5452399 0.2185863 0.5591784 0.2064053 0.5988675 0.1310255 0.5452399 0.09820234 0.522436 0.1633863 0.5219184 0.1310255 0.5452399 0.04323351 0.561495 0.09820234 0.522436 0.05671274 0.6010439 0.0244553 0.6256935 0.04323351 0.561495 0.05671274 0.6010439 0.04490917 0.690195 0.0244553 0.6256935 0.08673524 0.6890017 0.09973335 0.7286387 0.04490917 0.690195 0.08673524 0.6890017 0.1672794 0.7267917 0.09973335 0.7286387 0.1796745 0.6881912 0.2212187 0.6876787 0.1672794 0.7267917 0.2064053 0.5988675 0.2212187 0.6876787 0.1796745 0.6881912 0.1314986 0.5938972 0.2064053 0.5988675 0.1613513 0.6153202 0.1314986 0.5938972 0.05671274 0.6010439 0.1310255 0.5452399 0.1021618 0.6161186 0.08673524 0.6890017 0.05671274 0.6010439 0.1502224 0.6503086 0.08673524 0.6890017 0.114076 0.6503853 0.1613513 0.6153202 0.1796745 0.6881912 0.1502224 0.6503086 0.2460634 0.6220127 0.2322995 0.5489882 0.2595065 0.6220729 0.2322995 0.5489882 0.1650847 0.5171384 0.1693912 0.5048336 0.1693912 0.5048336 0.09653306 0.5174216 0.09283351 0.5047396 0.09653306 0.5174216 0.02831757 0.5499854 0.09283351 0.5047396 0.02831757 0.5499854 0.0176934 0.6259187 0.004189074 0.6256982 0.004189074 0.6256982 0.04145544 0.6926148 0.03050988 0.7002726 0.03050988 0.7002726 0.09830832 0.7336038 0.09391164 0.7462578 0.09830832 0.7336038 0.1727475 0.7449811 0.09391164 0.7462578 0.114076 0.6503853 0.1021618 0.6161186 0.1314986 0.5938972 0.1688756 0.7321552 0.2365833 0.6986678 0.1727475 0.7449811 0.225751 0.6905314 0.2595065 0.6220729 0.2365833 0.6986678 0.2393544 0.6221705 0.2376306 0.5445674 0.2663919 0.6215437 0.1633863 0.5219184 0.2376306 0.5445674 0.2185863 0.5591784 0.1633863 0.5219184 0.09020435 0.4983069 0.1709769 0.4979731 0.09820234 0.522436 0.02236324 0.5464625 0.09020435 0.4983069 0.0244553 0.6256935 0.02236324 0.5464625 0.04323351 0.561495 0.04490917 0.690195 -0.002690255 0.626146 0.0244553 0.6256935 0.09973335 0.7286387 0.02530789 0.7047322 0.04490917 0.690195 0.1672794 0.7267917 0.09229606 0.7530285 0.09973335 0.7286387 0.1672794 0.7267917 0.2424583 0.7022774 0.1754437 0.7513216 0.2212187 0.6876787 0.2663919 0.6215437 0.2424583 0.7022774 0.2064053 0.5988675 0.2185863 0.5591784 0.2393544 0.6221705 0.1310255 0.5452399 0.2185863 0.5591784 0.2064053 0.5988675 0.1310255 0.5452399 0.09820234 0.522436 0.1633863 0.5219184 0.1310255 0.5452399 0.04323351 0.561495 0.09820234 0.522436 0.05671274 0.6010439 0.0244553 0.6256935 0.04323351 0.561495 0.05671274 0.6010439 0.04490917 0.690195 0.0244553 0.6256935 0.08673524 0.6890017 0.09973335 0.7286387 0.04490917 0.690195 0.08673524 0.6890017 0.1672794 0.7267917 0.09973335 0.7286387 0.1796745 0.6881912 0.2212187 0.6876787 0.1672794 0.7267917 0.2064053 0.5988675 0.2212187 0.6876787 0.1796745 0.6881912 0.1314986 0.5938972 0.2064053 0.5988675 0.1613513 0.6153202 0.1314986 0.5938972 0.05671274 0.6010439 0.1310255 0.5452399 0.1021618 0.6161186 0.08673524 0.6890017 0.05671274 0.6010439 0.1502224 0.6503086 0.08673524 0.6890017 0.114076 0.6503853 0.1613513 0.6153202 0.1796745 0.6881912 0.1502224 0.6503086 0.2448456 0.8742712 0.2312287 0.8020268 0.2581451 0.8743308 0.2312287 0.8020268 0.1647317 0.7705169 0.1689922 0.7583436 0.1689922 0.7583436 0.0969122 0.7707973 0.09325212 0.7582506 0.0969122 0.7707973 0.0294252 0.8030132 0.09325212 0.7582506 0.0294252 0.8030132 0.01891452 0.8781356 0.005554378 0.8779175 0.005554378 0.8779175 0.04242277 0.9441193 0.03159415 0.9516953 0.03159415 0.9516953 0.09866845 0.9846707 0.0943188 0.9971894 0.09866845 0.9846707 0.1723126 0.9959264 0.0943188 0.9971894 0.1500282 0.9022651 0.1142678 0.9023408 0.1024808 0.8684401 0.1684822 0.9832375 0.2354667 0.9501076 0.1723126 0.9959264 0.2247501 0.9420581 0.2581451 0.8743308 0.2354667 0.9501076 0.2382082 0.8744274 0.2365028 0.7976531 0.264957 0.8738073 0.1630514 0.775246 0.2365028 0.7976531 0.2176619 0.812108 0.1630514 0.775246 0.09065109 0.7518867 0.1705609 0.7515564 0.09856367 0.775758 0.02353447 0.7995281 0.09065109 0.7518867 0.02560418 0.8779127 0.02353447 0.7995281 0.04418182 0.8144 0.04583966 0.9417254 -0.001251399 0.8783605 0.02560418 0.8779127 0.1000782 0.9797585 0.02644765 0.9561074 0.04583966 0.9417254 0.1669029 0.9779313 0.09272044 1.003888 0.1000782 0.9797585 0.1669029 0.9779313 0.241279 0.9536787 0.17498 1.002199 0.2202662 0.939236 0.264957 0.8738073 0.241279 0.9536787 0.205611 0.8513733 0.2176619 0.812108 0.2382082 0.8744274 0.1310362 0.7983185 0.2176619 0.812108 0.205611 0.8513733 0.1310362 0.7983185 0.09856367 0.775758 0.1630514 0.775246 0.1310362 0.7983185 0.04418182 0.8144 0.09856367 0.775758 0.05751717 0.8535265 0.02560418 0.8779127 0.04418182 0.8144 0.05751717 0.8535265 0.04583966 0.9417254 0.02560418 0.8779127 0.08721899 0.9405447 0.1000782 0.9797585 0.04583966 0.9417254 0.08721899 0.9405447 0.1669029 0.9779313 0.1000782 0.9797585 0.1791656 0.939743 0.2202662 0.939236 0.1669029 0.9779313 0.205611 0.8513733 0.2202662 0.939236 0.1791656 0.939743 0.1610382 0.8676502 0.1310362 0.7983185 0.205611 0.8513733 0.1315044 0.8464561 0.05751717 0.8535265 0.1310362 0.7983185 0.1024808 0.8684401 0.08721899 0.9405447 0.05751717 0.8535265 0.1500282 0.9022651 0.08721899 0.9405447 0.1142678 0.9023408 0.1610382 0.8676502 0.1791656 0.939743 0.1500282 0.9022651 0.2460634 0.6220127 0.2322995 0.5489882 0.2595065 0.6220729 0.2322995 0.5489882 0.1650847 0.5171384 0.1693912 0.5048336 0.1693912 0.5048336 0.09653306 0.5174216 0.09283351 0.5047396 0.09653306 0.5174216 0.02831757 0.5499854 0.09283351 0.5047396 0.02831757 0.5499854 0.0176934 0.6259187 0.004189074 0.6256982 0.004189074 0.6256982 0.04145544 0.6926148 0.03050988 0.7002726 0.03050988 0.7002726 0.09830832 0.7336038 0.09391164 0.7462578 0.09830832 0.7336038 0.1727475 0.7449811 0.09391164 0.7462578 0.1502224 0.6503086 0.1021618 0.6161186 0.1314986 0.5938972 0.1688756 0.7321552 0.2365833 0.6986678 0.1727475 0.7449811 0.225751 0.6905314 0.2595065 0.6220729 0.2365833 0.6986678 0.2393544 0.6221705 0.2376306 0.5445674 0.2663919 0.6215437 0.1633863 0.5219184 0.2376306 0.5445674 0.2185863 0.5591784 0.1633863 0.5219184 0.09020435 0.4983069 0.1709769 0.4979731 0.09820234 0.522436 0.02236324 0.5464625 0.09020435 0.4983069 0.0244553 0.6256935 0.02236324 0.5464625 0.04323351 0.561495 0.04490917 0.690195 -0.002690255 0.626146 0.0244553 0.6256935 0.09973335 0.7286387 0.02530789 0.7047322 0.04490917 0.690195 0.1672794 0.7267917 0.09229606 0.7530285 0.09973335 0.7286387 0.1672794 0.7267917 0.2424583 0.7022774 0.1754437 0.7513216 0.2212187 0.6876787 0.2663919 0.6215437 0.2424583 0.7022774 0.2064053 0.5988675 0.2185863 0.5591784 0.2393544 0.6221705 0.1310255 0.5452399 0.2185863 0.5591784 0.2064053 0.5988675 0.1310255 0.5452399 0.09820234 0.522436 0.1633863 0.5219184 0.1310255 0.5452399 0.04323351 0.561495 0.09820234 0.522436 0.05671274 0.6010439 0.0244553 0.6256935 0.04323351 0.561495 0.05671274 0.6010439 0.04490917 0.690195 0.0244553 0.6256935 0.08673524 0.6890017 0.09973335 0.7286387 0.04490917 0.690195 0.08673524 0.6890017 0.1672794 0.7267917 0.09973335 0.7286387 0.1796745 0.6881912 0.2212187 0.6876787 0.1672794 0.7267917 0.2064053 0.5988675 0.2212187 0.6876787 0.1796745 0.6881912 0.1613513 0.6153202 0.1310255 0.5452399 0.2064053 0.5988675 0.1314986 0.5938972 0.05671274 0.6010439 0.1310255 0.5452399 0.1021618 0.6161186 0.08673524 0.6890017 0.05671274 0.6010439 0.1502224 0.6503086 0.08673524 0.6890017 0.114076 0.6503853 0.1613513 0.6153202 0.1796745 0.6881912 0.1502224 0.6503086 0.2448456 0.8742712 0.2312287 0.8020268 0.2581451 0.8743308 0.2312287 0.8020268 0.1647317 0.7705169 0.1689922 0.7583436 0.1689922 0.7583436 0.0969122 0.7707973 0.09325212 0.7582506 0.0969122 0.7707973 0.0294252 0.8030132 0.09325212 0.7582506 0.0294252 0.8030132 0.01891452 0.8781356 0.005554378 0.8779175 0.005554378 0.8779175 0.04242277 0.9441193 0.03159415 0.9516953 0.03159415 0.9516953 0.09866845 0.9846707 0.0943188 0.9971894 0.09866845 0.9846707 0.1723126 0.9959264 0.0943188 0.9971894 0.1500282 0.9022651 0.1142678 0.9023408 0.1024808 0.8684401 0.1684822 0.9832375 0.2354667 0.9501076 0.1723126 0.9959264 0.2247501 0.9420581 0.2581451 0.8743308 0.2354667 0.9501076 0.2382082 0.8744274 0.2365028 0.7976531 0.264957 0.8738073 0.1630514 0.775246 0.2365028 0.7976531 0.2176619 0.812108 0.1630514 0.775246 0.09065109 0.7518867 0.1705609 0.7515564 0.09856367 0.775758 0.02353447 0.7995281 0.09065109 0.7518867 0.02560418 0.8779127 0.02353447 0.7995281 0.04418182 0.8144 0.04583966 0.9417254 -0.001251399 0.8783605 0.02560418 0.8779127 0.1000782 0.9797585 0.02644765 0.9561074 0.04583966 0.9417254 0.1669029 0.9779313 0.09272044 1.003888 0.1000782 0.9797585 0.1669029 0.9779313 0.241279 0.9536787 0.17498 1.002199 0.2202662 0.939236 0.264957 0.8738073 0.241279 0.9536787 0.205611 0.8513733 0.2176619 0.812108 0.2382082 0.8744274 0.1310362 0.7983185 0.2176619 0.812108 0.205611 0.8513733 0.1310362 0.7983185 0.09856367 0.775758 0.1630514 0.775246 0.1310362 0.7983185 0.04418182 0.8144 0.09856367 0.775758 0.05751717 0.8535265 0.02560418 0.8779127 0.04418182 0.8144 0.05751717 0.8535265 0.04583966 0.9417254 0.02560418 0.8779127 0.08721899 0.9405447 0.1000782 0.9797585 0.04583966 0.9417254 0.08721899 0.9405447 0.1669029 0.9779313 0.1000782 0.9797585 0.1791656 0.939743 0.2202662 0.939236 0.1669029 0.9779313 0.205611 0.8513733 0.2202662 0.939236 0.1791656 0.939743 0.1610382 0.8676502 0.1310362 0.7983185 0.205611 0.8513733 0.1315044 0.8464561 0.05751717 0.8535265 0.1310362 0.7983185 0.1024808 0.8684401 0.08721899 0.9405447 0.05751717 0.8535265 0.1500282 0.9022651 0.08721899 0.9405447 0.1142678 0.9023408 0.1610382 0.8676502 0.1791656 0.939743 0.1500282 0.9022651 0.2460634 0.6220127 0.2216538 0.5566829 0.2322995 0.5489882 0.2322995 0.5489882 0.2216538 0.5566829 0.1650847 0.5171384 0.1693912 0.5048336 0.1650847 0.5171384 0.09653306 0.5174216 0.09653306 0.5174216 0.03895628 0.5582913 0.02831757 0.5499854 0.02831757 0.5499854 0.03895628 0.5582913 0.0176934 0.6259187 0.004189074 0.6256982 0.0176934 0.6259187 0.04145544 0.6926148 0.03050988 0.7002726 0.04145544 0.6926148 0.09830832 0.7336038 0.09830832 0.7336038 0.1688756 0.7321552 0.1727475 0.7449811 0.1314986 0.5938972 0.1613513 0.6153202 0.1502224 0.6503086 0.1502224 0.6503086 0.114076 0.6503853 0.1314986 0.5938972 0.1688756 0.7321552 0.225751 0.6905314 0.2365833 0.6986678 0.225751 0.6905314 0.2460634 0.6220127 0.2595065 0.6220729 0.2393544 0.6221705 0.2185863 0.5591784 0.2376306 0.5445674 0.1633863 0.5219184 0.1709769 0.4979731 0.2376306 0.5445674 0.1633863 0.5219184 0.09820234 0.522436 0.09020435 0.4983069 0.09820234 0.522436 0.04323351 0.561495 0.02236324 0.5464625 0.0244553 0.6256935 -0.002690255 0.626146 0.02236324 0.5464625 0.04490917 0.690195 0.02530789 0.7047322 -0.002690255 0.626146 0.09973335 0.7286387 0.09229606 0.7530285 0.02530789 0.7047322 0.1672794 0.7267917 0.1754437 0.7513216 0.09229606 0.7530285 0.1672794 0.7267917 0.2212187 0.6876787 0.2424583 0.7022774 0.2212187 0.6876787 0.2393544 0.6221705 0.2663919 0.6215437 0.1310255 0.5452399 0.1633863 0.5219184 0.2185863 0.5591784 0.1310255 0.5452399 0.05671274 0.6010439 0.04323351 0.561495 0.05671274 0.6010439 0.08673524 0.6890017 0.04490917 0.690195 0.08673524 0.6890017 0.1796745 0.6881912 0.1672794 0.7267917 0.2064053 0.5988675 0.2393544 0.6221705 0.2212187 0.6876787 0.1613513 0.6153202 0.1314986 0.5938972 0.1310255 0.5452399 0.1314986 0.5938972 0.1021618 0.6161186 0.05671274 0.6010439 0.1021618 0.6161186 0.114076 0.6503853 0.08673524 0.6890017 0.1502224 0.6503086 0.1796745 0.6881912 0.08673524 0.6890017 0.1613513 0.6153202 0.2064053 0.5988675 0.1796745 0.6881912 0.8951507 0.4537048 0.8592644 0.4685695 0.7570687 0.4262386 0.8592644 0.4685695 0.8204213 0.4685695 0.7570687 0.4262386 0.8204213 0.4685695 0.7845349 0.4537048 0.7570687 0.4262386 0.7570687 0.4262386 0.742204 0.3903521 0.742204 0.351509 0.742204 0.351509 0.7570687 0.3156227 0.7845349 0.2881565 0.7845349 0.2881565 0.8204213 0.2732919 0.8592644 0.2732919 0.8592644 0.2732919 0.8951507 0.2881565 0.7845349 0.2881565 0.8951507 0.2881565 0.922617 0.3156227 0.7845349 0.2881565 0.922617 0.3156227 0.9374816 0.351509 0.9374816 0.3903522 0.9374816 0.3903522 0.922617 0.4262385 0.922617 0.3156227 0.922617 0.4262385 0.8951507 0.4537048 0.922617 0.3156227 0.7570687 0.4262386 0.742204 0.351509 0.8951507 0.4537048 0.742204 0.351509 0.7845349 0.2881565 0.8951507 0.4537048 0.2448456 0.8742712 0.2206966 0.8096392 0.2312287 0.8020268 0.2312287 0.8020268 0.2206966 0.8096392 0.1647317 0.7705169 0.1689922 0.7583436 0.1647317 0.7705169 0.0969122 0.7707973 0.0969122 0.7707973 0.03995031 0.8112305 0.0294252 0.8030132 0.0294252 0.8030132 0.03995031 0.8112305 0.01891452 0.8781356 0.005554378 0.8779175 0.01891452 0.8781356 0.04242277 0.9441193 0.03159415 0.9516953 0.04242277 0.9441193 0.09866845 0.9846707 0.09866845 0.9846707 0.1684822 0.9832375 0.1723126 0.9959264 0.1315044 0.8464561 0.1610382 0.8676502 0.1500282 0.9022651 0.1500282 0.9022651 0.1142678 0.9023408 0.1024808 0.8684401 0.1684822 0.9832375 0.2247501 0.9420581 0.2354667 0.9501076 0.2247501 0.9420581 0.2448456 0.8742712 0.2581451 0.8743308 0.2382082 0.8744274 0.2176619 0.812108 0.2365028 0.7976531 0.1630514 0.775246 0.1705609 0.7515564 0.2365028 0.7976531 0.1630514 0.775246 0.09856367 0.775758 0.09065109 0.7518867 0.09856367 0.775758 0.04418182 0.8144 0.02353447 0.7995281 0.02560418 0.8779127 -0.001251399 0.8783605 0.02353447 0.7995281 0.04583966 0.9417254 0.02644765 0.9561074 -0.001251399 0.8783605 0.1000782 0.9797585 0.09272044 1.003888 0.02644765 0.9561074 0.1669029 0.9779313 0.17498 1.002199 0.09272044 1.003888 0.1669029 0.9779313 0.2202662 0.939236 0.241279 0.9536787 0.2202662 0.939236 0.2382082 0.8744274 0.264957 0.8738073 0.1310362 0.7983185 0.1630514 0.775246 0.2176619 0.812108 0.1310362 0.7983185 0.05751717 0.8535265 0.04418182 0.8144 0.05751717 0.8535265 0.08721899 0.9405447 0.04583966 0.9417254 0.08721899 0.9405447 0.1791656 0.939743 0.1669029 0.9779313 0.205611 0.8513733 0.2382082 0.8744274 0.2202662 0.939236 0.1315044 0.8464561 0.1310362 0.7983185 0.205611 0.8513733 0.1315044 0.8464561 0.1024808 0.8684401 0.05751717 0.8535265 0.1024808 0.8684401 0.1142678 0.9023408 0.08721899 0.9405447 0.1500282 0.9022651 0.1791656 0.939743 0.08721899 0.9405447 0.1610382 0.8676502 0.205611 0.8513733 0.1791656 0.939743 0.2460634 0.6220127 0.2216538 0.5566829 0.2322995 0.5489882 0.2322995 0.5489882 0.2216538 0.5566829 0.1650847 0.5171384 0.1693912 0.5048336 0.1650847 0.5171384 0.09653306 0.5174216 0.09653306 0.5174216 0.03895628 0.5582913 0.02831757 0.5499854 0.02831757 0.5499854 0.03895628 0.5582913 0.0176934 0.6259187 0.004189074 0.6256982 0.0176934 0.6259187 0.04145544 0.6926148 0.03050988 0.7002726 0.04145544 0.6926148 0.09830832 0.7336038 0.09830832 0.7336038 0.1688756 0.7321552 0.1727475 0.7449811 0.1314986 0.5938972 0.1613513 0.6153202 0.1502224 0.6503086 0.1502224 0.6503086 0.114076 0.6503853 0.1314986 0.5938972 0.1688756 0.7321552 0.225751 0.6905314 0.2365833 0.6986678 0.225751 0.6905314 0.2460634 0.6220127 0.2595065 0.6220729 0.2393544 0.6221705 0.2185863 0.5591784 0.2376306 0.5445674 0.1633863 0.5219184 0.1709769 0.4979731 0.2376306 0.5445674 0.1633863 0.5219184 0.09820234 0.522436 0.09020435 0.4983069 0.09820234 0.522436 0.04323351 0.561495 0.02236324 0.5464625 0.0244553 0.6256935 -0.002690255 0.626146 0.02236324 0.5464625 0.04490917 0.690195 0.02530789 0.7047322 -0.002690255 0.626146 0.09973335 0.7286387 0.09229606 0.7530285 0.02530789 0.7047322 0.1672794 0.7267917 0.1754437 0.7513216 0.09229606 0.7530285 0.1672794 0.7267917 0.2212187 0.6876787 0.2424583 0.7022774 0.2212187 0.6876787 0.2393544 0.6221705 0.2663919 0.6215437 0.1310255 0.5452399 0.1633863 0.5219184 0.2185863 0.5591784 0.1310255 0.5452399 0.05671274 0.6010439 0.04323351 0.561495 0.05671274 0.6010439 0.08673524 0.6890017 0.04490917 0.690195 0.08673524 0.6890017 0.1796745 0.6881912 0.1672794 0.7267917 0.2064053 0.5988675 0.2393544 0.6221705 0.2212187 0.6876787 0.1314986 0.5938972 0.1310255 0.5452399 0.2064053 0.5988675 0.1314986 0.5938972 0.1021618 0.6161186 0.05671274 0.6010439 0.1021618 0.6161186 0.114076 0.6503853 0.08673524 0.6890017 0.1502224 0.6503086 0.1796745 0.6881912 0.08673524 0.6890017 0.1613513 0.6153202 0.2064053 0.5988675 0.1796745 0.6881912 0.2448456 0.8742712 0.2206966 0.8096392 0.2312287 0.8020268 0.2312287 0.8020268 0.2206966 0.8096392 0.1647317 0.7705169 0.1689922 0.7583436 0.1647317 0.7705169 0.0969122 0.7707973 0.0969122 0.7707973 0.03995031 0.8112305 0.0294252 0.8030132 0.0294252 0.8030132 0.03995031 0.8112305 0.01891452 0.8781356 0.005554378 0.8779175 0.01891452 0.8781356 0.04242277 0.9441193 0.03159415 0.9516953 0.04242277 0.9441193 0.09866845 0.9846707 0.09866845 0.9846707 0.1684822 0.9832375 0.1723126 0.9959264 0.1315044 0.8464561 0.1610382 0.8676502 0.1500282 0.9022651 0.1500282 0.9022651 0.1142678 0.9023408 0.1315044 0.8464561 0.1684822 0.9832375 0.2247501 0.9420581 0.2354667 0.9501076 0.2247501 0.9420581 0.2448456 0.8742712 0.2581451 0.8743308 0.2382082 0.8744274 0.2176619 0.812108 0.2365028 0.7976531 0.1630514 0.775246 0.1705609 0.7515564 0.2365028 0.7976531 0.1630514 0.775246 0.09856367 0.775758 0.09065109 0.7518867 0.09856367 0.775758 0.04418182 0.8144 0.02353447 0.7995281 0.02560418 0.8779127 -0.001251399 0.8783605 0.02353447 0.7995281 0.04583966 0.9417254 0.02644765 0.9561074 -0.001251399 0.8783605 0.1000782 0.9797585 0.09272044 1.003888 0.02644765 0.9561074 0.1669029 0.9779313 0.17498 1.002199 0.09272044 1.003888 0.1669029 0.9779313 0.2202662 0.939236 0.241279 0.9536787 0.2202662 0.939236 0.2382082 0.8744274 0.264957 0.8738073 0.1310362 0.7983185 0.1630514 0.775246 0.2176619 0.812108 0.1310362 0.7983185 0.05751717 0.8535265 0.04418182 0.8144 0.05751717 0.8535265 0.08721899 0.9405447 0.04583966 0.9417254 0.08721899 0.9405447 0.1791656 0.939743 0.1669029 0.9779313 0.205611 0.8513733 0.2382082 0.8744274 0.2202662 0.939236 0.1315044 0.8464561 0.1310362 0.7983185 0.205611 0.8513733 0.1315044 0.8464561 0.1024808 0.8684401 0.05751717 0.8535265 0.1024808 0.8684401 0.1142678 0.9023408 0.08721899 0.9405447 0.1500282 0.9022651 0.1791656 0.939743 0.08721899 0.9405447 0.1610382 0.8676502 0.205611 0.8513733 0.1791656 0.939743 0.2460634 0.6220127 0.2216538 0.5566829 0.2322995 0.5489882 0.2322995 0.5489882 0.2216538 0.5566829 0.1650847 0.5171384 0.1693912 0.5048336 0.1650847 0.5171384 0.09653306 0.5174216 0.09653306 0.5174216 0.03895628 0.5582913 0.02831757 0.5499854 0.02831757 0.5499854 0.03895628 0.5582913 0.0176934 0.6259187 0.004189074 0.6256982 0.0176934 0.6259187 0.04145544 0.6926148 0.03050988 0.7002726 0.04145544 0.6926148 0.09830832 0.7336038 0.09830832 0.7336038 0.1688756 0.7321552 0.1727475 0.7449811 0.1314986 0.5938972 0.1613513 0.6153202 0.1502224 0.6503086 0.1502224 0.6503086 0.114076 0.6503853 0.1021618 0.6161186 0.1688756 0.7321552 0.225751 0.6905314 0.2365833 0.6986678 0.225751 0.6905314 0.2460634 0.6220127 0.2595065 0.6220729 0.2393544 0.6221705 0.2185863 0.5591784 0.2376306 0.5445674 0.1633863 0.5219184 0.1709769 0.4979731 0.2376306 0.5445674 0.1633863 0.5219184 0.09820234 0.522436 0.09020435 0.4983069 0.09820234 0.522436 0.04323351 0.561495 0.02236324 0.5464625 0.0244553 0.6256935 -0.002690255 0.626146 0.02236324 0.5464625 0.04490917 0.690195 0.02530789 0.7047322 -0.002690255 0.626146 0.09973335 0.7286387 0.09229606 0.7530285 0.02530789 0.7047322 0.1672794 0.7267917 0.1754437 0.7513216 0.09229606 0.7530285 0.1672794 0.7267917 0.2212187 0.6876787 0.2424583 0.7022774 0.2212187 0.6876787 0.2393544 0.6221705 0.2663919 0.6215437 0.1310255 0.5452399 0.1633863 0.5219184 0.2185863 0.5591784 0.1310255 0.5452399 0.05671274 0.6010439 0.04323351 0.561495 0.05671274 0.6010439 0.08673524 0.6890017 0.04490917 0.690195 0.08673524 0.6890017 0.1796745 0.6881912 0.1672794 0.7267917 0.2064053 0.5988675 0.2393544 0.6221705 0.2212187 0.6876787 0.1314986 0.5938972 0.1310255 0.5452399 0.2064053 0.5988675 0.1314986 0.5938972 0.1021618 0.6161186 0.05671274 0.6010439 0.1021618 0.6161186 0.114076 0.6503853 0.08673524 0.6890017 0.1502224 0.6503086 0.1796745 0.6881912 0.08673524 0.6890017 0.1613513 0.6153202 0.2064053 0.5988675 0.1796745 0.6881912 0.2460634 0.6220127 0.2216538 0.5566829 0.2322995 0.5489882 0.2322995 0.5489882 0.2216538 0.5566829 0.1650847 0.5171384 0.1693912 0.5048336 0.1650847 0.5171384 0.09653306 0.5174216 0.09653306 0.5174216 0.03895628 0.5582913 0.02831757 0.5499854 0.02831757 0.5499854 0.03895628 0.5582913 0.0176934 0.6259187 0.004189074 0.6256982 0.0176934 0.6259187 0.04145544 0.6926148 0.03050988 0.7002726 0.04145544 0.6926148 0.09830832 0.7336038 0.09830832 0.7336038 0.1688756 0.7321552 0.1727475 0.7449811 0.1314986 0.5938972 0.1613513 0.6153202 0.1502224 0.6503086 0.1502224 0.6503086 0.114076 0.6503853 0.1314986 0.5938972 0.1688756 0.7321552 0.225751 0.6905314 0.2365833 0.6986678 0.225751 0.6905314 0.2460634 0.6220127 0.2595065 0.6220729 0.2393544 0.6221705 0.2185863 0.5591784 0.2376306 0.5445674 0.1633863 0.5219184 0.1709769 0.4979731 0.2376306 0.5445674 0.1633863 0.5219184 0.09820234 0.522436 0.09020435 0.4983069 0.09820234 0.522436 0.04323351 0.561495 0.02236324 0.5464625 0.0244553 0.6256935 -0.002690255 0.626146 0.02236324 0.5464625 0.04490917 0.690195 0.02530789 0.7047322 -0.002690255 0.626146 0.09973335 0.7286387 0.09229606 0.7530285 0.02530789 0.7047322 0.1672794 0.7267917 0.1754437 0.7513216 0.09229606 0.7530285 0.1672794 0.7267917 0.2212187 0.6876787 0.2424583 0.7022774 0.2212187 0.6876787 0.2393544 0.6221705 0.2663919 0.6215437 0.1310255 0.5452399 0.1633863 0.5219184 0.2185863 0.5591784 0.1310255 0.5452399 0.05671274 0.6010439 0.04323351 0.561495 0.05671274 0.6010439 0.08673524 0.6890017 0.04490917 0.690195 0.08673524 0.6890017 0.1796745 0.6881912 0.1672794 0.7267917 0.2064053 0.5988675 0.2393544 0.6221705 0.2212187 0.6876787 0.1314986 0.5938972 0.1310255 0.5452399 0.2064053 0.5988675 0.1314986 0.5938972 0.1021618 0.6161186 0.05671274 0.6010439 0.1021618 0.6161186 0.114076 0.6503853 0.08673524 0.6890017 0.1502224 0.6503086 0.1796745 0.6881912 0.08673524 0.6890017 0.1613513 0.6153202 0.2064053 0.5988675 0.1796745 0.6881912 0.2448456 0.8742712 0.2206966 0.8096392 0.2312287 0.8020268 0.2312287 0.8020268 0.2206966 0.8096392 0.1647317 0.7705169 0.1689922 0.7583436 0.1647317 0.7705169 0.0969122 0.7707973 0.0969122 0.7707973 0.03995031 0.8112305 0.0294252 0.8030132 0.0294252 0.8030132 0.03995031 0.8112305 0.01891452 0.8781356 0.005554378 0.8779175 0.01891452 0.8781356 0.04242277 0.9441193 0.03159415 0.9516953 0.04242277 0.9441193 0.09866845 0.9846707 0.09866845 0.9846707 0.1684822 0.9832375 0.1723126 0.9959264 0.1315044 0.8464561 0.1610382 0.8676502 0.1024808 0.8684401 0.1610382 0.8676502 0.1500282 0.9022651 0.1024808 0.8684401 0.1684822 0.9832375 0.2247501 0.9420581 0.2354667 0.9501076 0.2247501 0.9420581 0.2448456 0.8742712 0.2581451 0.8743308 0.2382082 0.8744274 0.2176619 0.812108 0.2365028 0.7976531 0.1630514 0.775246 0.1705609 0.7515564 0.2365028 0.7976531 0.1630514 0.775246 0.09856367 0.775758 0.09065109 0.7518867 0.09856367 0.775758 0.04418182 0.8144 0.02353447 0.7995281 0.02560418 0.8779127 -0.001251399 0.8783605 0.02353447 0.7995281 0.04583966 0.9417254 0.02644765 0.9561074 -0.001251399 0.8783605 0.1000782 0.9797585 0.09272044 1.003888 0.02644765 0.9561074 0.1669029 0.9779313 0.17498 1.002199 0.09272044 1.003888 0.1669029 0.9779313 0.2202662 0.939236 0.241279 0.9536787 0.2202662 0.939236 0.2382082 0.8744274 0.264957 0.8738073 0.1310362 0.7983185 0.1630514 0.775246 0.2176619 0.812108 0.1310362 0.7983185 0.05751717 0.8535265 0.04418182 0.8144 0.05751717 0.8535265 0.08721899 0.9405447 0.04583966 0.9417254 0.08721899 0.9405447 0.1791656 0.939743 0.1669029 0.9779313 0.205611 0.8513733 0.2382082 0.8744274 0.2202662 0.939236 0.1610382 0.8676502 0.1315044 0.8464561 0.1310362 0.7983185 0.1315044 0.8464561 0.1024808 0.8684401 0.05751717 0.8535265 0.1024808 0.8684401 0.1142678 0.9023408 0.08721899 0.9405447 0.1500282 0.9022651 0.1791656 0.939743 0.08721899 0.9405447 0.1610382 0.8676502 0.205611 0.8513733 0.1791656 0.939743 0.2460634 0.6220127 0.2216538 0.5566829 0.2322995 0.5489882 0.2322995 0.5489882 0.2216538 0.5566829 0.1650847 0.5171384 0.1693912 0.5048336 0.1650847 0.5171384 0.09653306 0.5174216 0.09653306 0.5174216 0.03895628 0.5582913 0.02831757 0.5499854 0.02831757 0.5499854 0.03895628 0.5582913 0.0176934 0.6259187 0.004189074 0.6256982 0.0176934 0.6259187 0.04145544 0.6926148 0.03050988 0.7002726 0.04145544 0.6926148 0.09830832 0.7336038 0.09830832 0.7336038 0.1688756 0.7321552 0.1727475 0.7449811 0.1314986 0.5938972 0.1613513 0.6153202 0.1502224 0.6503086 0.1502224 0.6503086 0.114076 0.6503853 0.1021618 0.6161186 0.1688756 0.7321552 0.225751 0.6905314 0.2365833 0.6986678 0.225751 0.6905314 0.2460634 0.6220127 0.2595065 0.6220729 0.2393544 0.6221705 0.2185863 0.5591784 0.2376306 0.5445674 0.1633863 0.5219184 0.1709769 0.4979731 0.2376306 0.5445674 0.1633863 0.5219184 0.09820234 0.522436 0.09020435 0.4983069 0.09820234 0.522436 0.04323351 0.561495 0.02236324 0.5464625 0.0244553 0.6256935 -0.002690255 0.626146 0.02236324 0.5464625 0.04490917 0.690195 0.02530789 0.7047322 -0.002690255 0.626146 0.09973335 0.7286387 0.09229606 0.7530285 0.02530789 0.7047322 0.1672794 0.7267917 0.1754437 0.7513216 0.09229606 0.7530285 0.1672794 0.7267917 0.2212187 0.6876787 0.2424583 0.7022774 0.2212187 0.6876787 0.2393544 0.6221705 0.2663919 0.6215437 0.1310255 0.5452399 0.1633863 0.5219184 0.2185863 0.5591784 0.1310255 0.5452399 0.05671274 0.6010439 0.04323351 0.561495 0.05671274 0.6010439 0.08673524 0.6890017 0.04490917 0.690195 0.08673524 0.6890017 0.1796745 0.6881912 0.1672794 0.7267917 0.2064053 0.5988675 0.2393544 0.6221705 0.2212187 0.6876787 0.1613513 0.6153202 0.1314986 0.5938972 0.1310255 0.5452399 0.1314986 0.5938972 0.1021618 0.6161186 0.05671274 0.6010439 0.1021618 0.6161186 0.114076 0.6503853 0.08673524 0.6890017 0.1502224 0.6503086 0.1796745 0.6881912 0.08673524 0.6890017 0.1613513 0.6153202 0.2064053 0.5988675 0.1796745 0.6881912 0.2448456 0.8742712 0.2206966 0.8096392 0.2312287 0.8020268 0.2312287 0.8020268 0.2206966 0.8096392 0.1647317 0.7705169 0.1689922 0.7583436 0.1647317 0.7705169 0.0969122 0.7707973 0.0969122 0.7707973 0.03995031 0.8112305 0.0294252 0.8030132 0.0294252 0.8030132 0.03995031 0.8112305 0.01891452 0.8781356 0.005554378 0.8779175 0.01891452 0.8781356 0.04242277 0.9441193 0.03159415 0.9516953 0.04242277 0.9441193 0.09866845 0.9846707 0.09866845 0.9846707 0.1684822 0.9832375 0.1723126 0.9959264 0.1315044 0.8464561 0.1610382 0.8676502 0.1024808 0.8684401 0.1610382 0.8676502 0.1500282 0.9022651 0.1024808 0.8684401 0.1684822 0.9832375 0.2247501 0.9420581 0.2354667 0.9501076 0.2247501 0.9420581 0.2448456 0.8742712 0.2581451 0.8743308 0.2382082 0.8744274 0.2176619 0.812108 0.2365028 0.7976531 0.1630514 0.775246 0.1705609 0.7515564 0.2365028 0.7976531 0.1630514 0.775246 0.09856367 0.775758 0.09065109 0.7518867 0.09856367 0.775758 0.04418182 0.8144 0.02353447 0.7995281 0.02560418 0.8779127 -0.001251399 0.8783605 0.02353447 0.7995281 0.04583966 0.9417254 0.02644765 0.9561074 -0.001251399 0.8783605 0.1000782 0.9797585 0.09272044 1.003888 0.02644765 0.9561074 0.1669029 0.9779313 0.17498 1.002199 0.09272044 1.003888 0.1669029 0.9779313 0.2202662 0.939236 0.241279 0.9536787 0.2202662 0.939236 0.2382082 0.8744274 0.264957 0.8738073 0.1310362 0.7983185 0.1630514 0.775246 0.2176619 0.812108 0.1310362 0.7983185 0.05751717 0.8535265 0.04418182 0.8144 0.05751717 0.8535265 0.08721899 0.9405447 0.04583966 0.9417254 0.08721899 0.9405447 0.1791656 0.939743 0.1669029 0.9779313 0.205611 0.8513733 0.2382082 0.8744274 0.2202662 0.939236 0.1610382 0.8676502 0.1315044 0.8464561 0.1310362 0.7983185 0.1315044 0.8464561 0.1024808 0.8684401 0.05751717 0.8535265 0.1024808 0.8684401 0.1142678 0.9023408 0.08721899 0.9405447 0.1500282 0.9022651 0.1791656 0.939743 0.08721899 0.9405447 0.1610382 0.8676502 0.205611 0.8513733 0.1791656 0.939743</float_array>
          <technique_common>
            <accessor source="#spart_shields-mesh-map-0-array" count="1878" stride="2">
              <param name="S" type="float"/>
              <param name="T" type="float"/>
            </accessor>
          </technique_common>
        </source>
        <source id="spart_shields-mesh-map-1">
          <float_array id="spart_shields-mesh-map-1-array" count="3756">0.9475791 0.8830415 0.9453286 0.8998665 0.9448209 0.8830227 0.9453286 0.8998665 0.9489685 0.9119356 0.9462103 0.9119169 0.8339694 0.1481316 0.8327934 0.1324395 0.8355553 0.1325044 0.8327934 0.1324395 0.8339694 0.1154414 0.8355553 0.1325044 0.9559122 0.4490242 0.9497165 0.4362143 0.9523826 0.4362204 0.9523826 0.4362204 0.9492089 0.4191148 0.951875 0.419121 0.951875 0.419121 0.9532461 0.4046646 0.9559122 0.4046708 0.7530511 0.9808965 0.7591748 0.9647234 0.7549 0.9813723 0.5102837 0.9063352 0.5035995 0.9063352 0.5030274 0.8983206 0.7573259 0.9642475 0.7549 0.9492725 0.7591748 0.9647234 0.9489685 0.8674008 0.9448209 0.8830227 0.9462103 0.8673821 0.5213413 0.8817076 0.5111162 0.8772997 0.5242182 0.8772997 0.501128 0.8898392 0.5111162 0.8772997 0.5106866 0.8817075 0.501128 0.8898392 0.4922639 0.9029546 0.4992399 0.8872448 0.495455 0.9026146 0.4928527 0.9184283 0.4922639 0.9029546 0.5029829 0.9230498 0.4928527 0.9184283 0.4958343 0.915154 0.5136377 0.9230498 0.5016432 0.9281375 0.5029829 0.9230498 0.5242614 0.9153901 0.5147451 0.9281375 0.5136377 0.9230498 0.5299345 0.9026147 0.5276867 0.9186644 0.5242614 0.9153901 0.5299345 0.9026147 0.5330088 0.8870089 0.5346627 0.9029546 0.52849 0.8896032 0.5242182 0.8772997 0.5330088 0.8870089 0.0511465 0.2721429 0.04678219 0.2794272 0.04701864 0.2657254 0.05323481 0.2868826 0.04678219 0.2794272 0.0511465 0.2721429 0.9635798 0.4363742 0.9697996 0.431703 0.9683583 0.444395 0.9635798 0.4363742 0.9684176 0.4177687 0.9697996 0.431703 0.9635798 0.415161 0.9669764 0.4082955 0.9684176 0.4177687 0.4989538 0.9156731 0.5136377 0.9230498 0.5029829 0.9230498 0.5154531 0.9156731 0.5242614 0.9153901 0.5136377 0.9230498 0.5154531 0.9156731 0.5299345 0.9026147 0.5242614 0.9153901 0.5242379 0.8958899 0.52849 0.8896032 0.5299345 0.9026147 0.5131681 0.8836633 0.52849 0.8896032 0.5242379 0.8958899 0.5093581 0.8933672 0.4975417 0.8958899 0.5131681 0.8836633 0.5030274 0.8983206 0.4989538 0.9156731 0.4975417 0.8958899 0.5035995 0.9063352 0.5154531 0.9156731 0.4989538 0.9156731 0.5138427 0.8983206 0.5154531 0.9156731 0.5102837 0.9063352 0.5093581 0.8933672 0.5242379 0.8958899 0.5138427 0.8983206 0.1126494 0.6911069 0.09626924 0.7734556 0.01392066 0.7570754 0.9530872 0.2718544 0.9471578 0.2846852 0.9503961 0.271849 0.5712854 0.1571697 0.5720778 0.1728278 0.5693529 0.17302 0.5693529 0.17302 0.5740103 0.1896016 0.5712854 0.1897937 0.7969855 0.9512832 0.8003283 0.9392586 0.7997578 0.9512808 0.8003283 0.9392586 0.7980644 0.922427 0.8008369 0.9224246 0.8008369 0.9224246 0.7969855 0.9067655 0.7997578 0.906763 0.9286033 0.9469563 0.9261775 0.9619328 0.9243286 0.9624088 0.9261775 0.9619328 0.9286033 0.9790578 0.9243286 0.9624088 0.7533127 0.9060474 0.7523875 0.9190149 0.7460564 0.9140617 0.949849 0.2403202 0.9509065 0.2547447 0.9471578 0.2403149 0.9535976 0.25475 0.9503961 0.271849 0.9509065 0.2547447 0.7460117 0.8893356 0.7358797 0.8939538 0.7446702 0.8842449 0.7384833 0.909768 0.7358797 0.8939538 0.7388631 0.8972311 0.7384833 0.909768 0.7422677 0.9251342 0.7352907 0.9094249 0.7441572 0.9225431 0.7541459 0.9350812 0.7422677 0.9251342 0.7643727 0.9306766 0.7541459 0.9350812 0.7537175 0.9306766 0.7715213 0.9227812 0.7672485 0.9350812 0.7643727 0.9306766 0.7729643 0.9097679 0.776039 0.9253723 0.7715213 0.9227812 0.7672904 0.8969929 0.7776913 0.9094249 0.7729643 0.9097679 0.7672904 0.8969929 0.7577728 0.8842448 0.7707142 0.8937156 0.7566668 0.8893356 0.7446702 0.8842449 0.7577728 0.8842448 0.09489679 0.9241309 0.0895065 0.9245934 0.09256887 0.9179267 0.09196597 0.9436523 0.0895065 0.9245934 0.09489679 0.9241309 0.09196597 0.9436523 0.08620721 0.9509537 0.08620721 0.9372228 0.09196597 0.9436523 0.0895065 0.9605413 0.08620721 0.9509537 0.5374435 0.1407449 0.5416064 0.1344357 0.5416064 0.1481316 0.756198 0.9287183 0.7715213 0.9227812 0.7643727 0.9306766 0.7672678 0.916492 0.7729643 0.9097679 0.7715213 0.9227812 0.7672678 0.916492 0.7672904 0.8969929 0.7729643 0.9097679 0.7584816 0.8967094 0.7566668 0.8893356 0.7672904 0.8969929 0.7419817 0.8967095 0.7566668 0.8893356 0.7584816 0.8967094 0.7460564 0.9140617 0.7419817 0.8967095 0.7466282 0.9060474 0.7460564 0.9140617 0.756198 0.9287183 0.7405703 0.916492 0.7523875 0.9190149 0.7672678 0.916492 0.756198 0.9287183 0.7533127 0.9060474 0.7672678 0.916492 0.7568721 0.9140617 0.7466282 0.9060474 0.7584816 0.8967094 0.7533127 0.9060474 0.9392867 0.4270811 0.9369083 0.4422189 0.9364848 0.4271856 0.9369083 0.4422189 0.9390489 0.4595166 0.9362468 0.4596211 0.9362468 0.4596211 0.9397103 0.4720652 0.9369083 0.4721697 0.9744364 0.9372323 0.9790579 0.9205392 0.9767837 0.9373957 0.9790579 0.9205392 0.9744364 0.9041622 0.9767837 0.9043257 0.6897381 0.8002484 0.6878269 0.7843697 0.6897381 0.7837812 0.100185 0.007118701 0.1018404 0.02219182 0.100185 0.02314561 0.1580013 0.9044108 0.1612583 0.9193849 0.155732 0.9045209 0.905762 0.7733433 0.9119951 0.7709513 0.9154075 0.7782311 0.1635276 0.9192748 0.1620644 0.9361903 0.1612583 0.9193849 0.1643335 0.9360802 0.155732 0.9489685 0.1620644 0.9361903 0.9042904 0.800317 0.9154075 0.8007772 0.9031899 0.805466 0.9285594 0.7392975 0.920323 0.7452875 0.9197363 0.7403218 0.9285594 0.7392975 0.9373958 0.7326387 0.9308746 0.743967 0.9338626 0.730085 0.9373958 0.7156295 0.9373958 0.7326387 0.9300245 0.7033839 0.9373958 0.7156295 0.9336201 0.7162033 0.8966234 0.758952 0.9059796 0.7499113 0.9065591 0.7551389 0.8894668 0.7699105 0.8937619 0.7546001 0.8966234 0.758952 0.8887658 0.7838713 0.8850954 0.7680817 0.8894668 0.7699105 0.8887658 0.7838713 0.891505 0.7995448 0.8842334 0.785249 0.8947881 0.7955018 0.9031899 0.805466 0.891505 0.7995448 0.1134133 0.9645183 0.1095741 0.9691549 0.1097105 0.9569255 0.1134133 0.9860014 0.1095741 0.9691549 0.1134133 0.9645183 0.9255542 0.7322742 0.9338626 0.730085 0.9285594 0.7392975 0.9255542 0.7322742 0.9336201 0.7162033 0.9338626 0.730085 0.9271882 0.7111887 0.9300245 0.7033839 0.9336201 0.7162033 0.9129698 0.7605761 0.8966234 0.758952 0.9065591 0.7551389 0.8975843 0.7664808 0.8894668 0.7699105 0.8966234 0.758952 0.8975843 0.7664808 0.8887658 0.7838713 0.8894668 0.7699105 0.8964987 0.7880994 0.8947881 0.7955018 0.8887658 0.7838713 0.9112133 0.7955559 0.8947881 0.7955018 0.8964987 0.7880994 0.918753 0.7242183 0.9139008 0.7342711 0.914032 0.7250273 0.918753 0.7242183 0.9271882 0.7111887 0.9255542 0.7322742 0.9119951 0.7709513 0.8975843 0.7664808 0.9129698 0.7605761 0.9053222 0.7821016 0.8975843 0.7664808 0.905762 0.7733433 0.9112835 0.7851225 0.8964987 0.7880994 0.9053222 0.7821016 0.941574 0.07685941 0.9394211 0.09407222 0.9389703 0.07689666 0.9394211 0.09407222 0.9374665 0.1087467 0.9348627 0.1087841 0.004961848 0.7674463 0.006943583 0.7846215 0.004961848 0.784635 0.9463146 0.3888456 0.9448768 0.3727561 0.9489684 0.3887321 0.9448768 0.3727561 0.9426857 0.3560447 0.9453395 0.3559312 0.9453395 0.3559312 0.9463147 0.3444607 0.9489684 0.3443472 0.4420804 0.7821334 0.4372832 0.765962 0.439502 0.765775 0.4372832 0.765962 0.4420804 0.7495742 0.439502 0.765775 0.8962807 0.1159182 0.9023798 0.1132178 0.9061492 0.1203182 0.05554938 0.007108509 0.05388808 0.02219754 0.05388808 0.006160497 0.9374665 0.06334155 0.9389703 0.07689666 0.9348627 0.06337887 0.9076443 0.01090276 0.8952665 0.01094532 0.9068332 0.00571227 0.8911604 0.0264306 0.8952665 0.01094532 0.8982381 0.01515835 0.8911604 0.0264306 0.8868536 0.04199439 0.8868536 0.02480584 0.8911604 0.04040861 0.8952664 0.05594563 0.8868536 0.04199439 0.9076442 0.05613666 0.8952664 0.05594563 0.898238 0.0517534 0.8864319 0.1020032 0.895312 0.092507 0.8961539 0.0976988 0.8798385 0.1133059 0.8833571 0.09780013 0.8864319 0.1020032 0.8798385 0.1272843 0.8753836 0.111698 0.8798385 0.1133059 0.8798385 0.1272843 0.8833571 0.1428014 0.8753836 0.128887 0.8864319 0.1385991 0.8953121 0.1481317 0.8833571 0.1428014 0.9062833 0.01596146 0.8982381 0.01515835 0.9076443 0.01090276 0.8972811 0.03341192 0.8982381 0.01515835 0.9062833 0.01596146 0.8972811 0.03341192 0.8911604 0.04040861 0.8911604 0.0264306 0.8972811 0.03341192 0.898238 0.0517534 0.8911604 0.04040861 0.9062833 0.05098456 0.9076442 0.05613666 0.898238 0.0517534 0.9028281 0.1028078 0.8864319 0.1020032 0.8961539 0.0976988 0.8877732 0.1094735 0.8798385 0.1133059 0.8864319 0.1020032 0.8877732 0.1094735 0.8798385 0.1272843 0.8798385 0.1133059 0.8877733 0.1311194 0.8864319 0.1385991 0.8798385 0.1272843 0.9028281 0.1378317 0.8864319 0.1385991 0.8877733 0.1311194 0.9071314 0.03345024 0.9062833 0.01596146 0.9107784 0.02638065 0.9071314 0.03345024 0.9062833 0.05098456 0.8972811 0.03341192 0.9023798 0.1132178 0.8877732 0.1094735 0.9028281 0.1028078 0.8962807 0.1246875 0.8877732 0.1094735 0.8962807 0.1159182 0.9023798 0.1274068 0.8877733 0.1311194 0.8962807 0.1246875 0.9767432 0.51763 0.9721085 0.5339847 0.9744026 0.5178033 0.9721085 0.5339847 0.9767432 0.5506914 0.9744026 0.5508646 0.9366763 0.3309817 0.9345939 0.316385 0.9373958 0.3164892 0.9345939 0.316385 0.9366763 0.2990531 0.9373958 0.3164892 0.9366763 0.2990531 0.9341532 0.285701 0.936955 0.2858052 0.9813724 0.9834372 0.9762935 0.9668542 0.9789384 0.9666045 0.9789384 0.9666045 0.9787274 0.9516715 0.9813724 0.9514219 0.2962633 0.9492675 0.2901419 0.9654457 0.2944079 0.9487945 0.6870491 0.5841127 0.6925715 0.5723544 0.6966817 0.5792593 0.2919973 0.9659186 0.2944079 0.9808993 0.2901419 0.9654457 0.1504462 0.6402489 0.1486194 0.6571009 0.1486194 0.6400156 0.2384304 0.902289 0.2310205 0.9144732 0.2354728 0.8987482 0.2345675 0.9289798 0.2310205 0.9144732 0.2348097 0.9150769 0.2345675 0.9289798 0.2375715 0.9429163 0.2310205 0.9315084 0.2398949 0.9382569 0.2481712 0.9443395 0.2375715 0.9429163 0.6855873 0.5571584 0.6966817 0.5567448 0.6955014 0.5610057 0.6760976 0.5619397 0.6844905 0.5520138 0.6855873 0.5571584 0.670072 0.5735548 0.6728212 0.5578934 0.6760976 0.5619397 0.6707588 0.5875163 0.665546 0.572169 0.670072 0.5735548 0.6707588 0.5875163 0.6750324 0.6028404 0.6663905 0.5893372 0.6778958 0.5984914 0.6872237 0.6075713 0.6750324 0.6028404 0.2412531 0.9100822 0.2348097 0.9150769 0.2384304 0.902289 0.2428865 0.9311993 0.2348097 0.9150769 0.2412531 0.9100822 0.2428865 0.9311993 0.2398949 0.9382569 0.2345675 0.9289798 0.3489224 0.9860015 0.3527812 0.9678372 0.3541272 0.9820318 0.3489224 0.9643977 0.3526204 0.9570627 0.3527812 0.9678372 0.6925033 0.5619328 0.6760976 0.5619397 0.6855873 0.5571584 0.6778082 0.5693369 0.670072 0.5735548 0.6760976 0.5619397 0.6778082 0.5693369 0.6707588 0.5875163 0.670072 0.5735548 0.6788719 0.5909567 0.6778958 0.5984914 0.6707588 0.5875163 0.6942242 0.5969144 0.6778958 0.5984914 0.6788719 0.5909567 0.2497087 0.923177 0.2412531 0.9100822 0.2490469 0.9146219 0.2497087 0.923177 0.2546013 0.9333266 0.2428865 0.9311993 0.6925715 0.5723544 0.6778082 0.5693369 0.6925033 0.5619328 0.6870491 0.5841127 0.6778082 0.5693369 0.6866183 0.575354 0.6932687 0.5865263 0.6788719 0.5909567 0.6870491 0.5841127 0.9805846 0.02249103 0.978599 0.03934741 0.9778113 0.02253508 0.9390782 0.2268221 0.9392539 0.2130295 0.9420248 0.213025 0.9420248 0.213025 0.9392538 0.1958415 0.9420248 0.195837 0.9392538 0.1958415 0.9390782 0.1818231 0.9420248 0.195837 0.9783613 0.6689071 0.9762776 0.6522657 0.9790577 0.6522866 0.9790577 0.6522866 0.9755811 0.6362438 0.9783613 0.6362646 0.2735168 0.9016525 0.2674667 0.9155589 0.2655512 0.9155592 0.2674667 0.9155589 0.2655512 0.9327481 0.2655512 0.9155592 0.4344726 0.9075793 0.4389363 0.9026277 0.4452602 0.9075793 0.2674667 0.932748 0.2735168 0.9466539 0.2655512 0.9327481 0.9813723 0.006792008 0.9778113 0.02253508 0.978599 0.006836056 0.4453228 0.9323053 0.4554147 0.9276899 0.4466653 0.9373958 0.4527878 0.9118808 0.4554147 0.9276899 0.452438 0.9244123 0.4527878 0.9118808 0.4489797 0.8965207 0.4559678 0.9122251 0.4471049 0.8991098 0.4371195 0.8865754 0.4489797 0.8965207 0.4269326 0.8909772 0.4371195 0.8865754 0.43756 0.8909772 0.4198173 0.8988702 0.4240511 0.8865754 0.4269326 0.8909772 0.4183968 0.9118809 0.4153017 0.8962812 0.4198173 0.8988702 0.4240797 0.9246519 0.4136778 0.9122252 0.4183968 0.9118809 0.4240797 0.9246519 0.4335969 0.9373958 0.4206659 0.9279295 0.4346954 0.9323053 0.4466653 0.9373958 0.4335969 0.9373958 0.4837425 0.5411571 0.4795874 0.5485501 0.4795874 0.5348629 0.9619247 0.7640839 0.9648286 0.7823204 0.9599674 0.7814628 0.9619247 0.7640839 0.9674849 0.7571235 0.9674849 0.7711011 0.9619247 0.7640839 0.9648287 0.7457265 0.9674849 0.7571235 0.3014056 0.5480425 0.3055216 0.5419657 0.3055216 0.5554937 0.4351053 0.8929307 0.4198173 0.8988702 0.4269326 0.8909772 0.4240872 0.9051532 0.4183968 0.9118809 0.4198173 0.8988702 0.4240872 0.9051532 0.4240797 0.9246519 0.4183968 0.9118809 0.4328873 0.9249296 0.4346954 0.9323053 0.4240797 0.9246519 0.4493442 0.9249295 0.4346954 0.9323053 0.4328873 0.9249296 0.4452602 0.9075793 0.4493442 0.9249295 0.4447048 0.9155912 0.4452602 0.9075793 0.4351053 0.8929307 0.450715 0.9051532 0.4389363 0.9026277 0.4240872 0.9051532 0.4351053 0.8929307 0.4380378 0.9155911 0.4240872 0.9051532 0.4344726 0.9075793 0.4447048 0.9155912 0.4328873 0.9249296 0.4380378 0.9155911 0.05061537 0.8805332 0.04811841 0.8939214 0.04781347 0.8806385 0.04811841 0.8939214 0.05021131 0.9112553 0.04740935 0.9113606 0.04740935 0.9113606 0.0509203 0.9257176 0.04811835 0.925823 0.08329635 0.0392155 0.08795315 0.02258139 0.08562636 0.03934746 0.08795315 0.02258139 0.08329635 0.006130158 0.0856263 0.006262063 0.6827945 0.2083101 0.6813474 0.191026 0.6827944 0.1911408 0.4192983 0.9785845 0.4217087 0.9636029 0.423564 0.9631296 0.4217087 0.9636029 0.4192982 0.9464784 0.423564 0.9631296 0.8897063 0.411022 0.8892755 0.4197807 0.8830562 0.4221935 0.9788959 0.1625448 0.9787356 0.1772564 0.9762591 0.1622675 0.9813724 0.1775337 0.9762591 0.1941455 0.9787356 0.1772564 0.8907371 0.3928282 0.8796431 0.3924096 0.8918339 0.3876802 0.8288883 0.9362536 0.8204916 0.9420248 0.8199128 0.9370961 0.8288883 0.9362536 0.8378698 0.929794 0.831232 0.9409312 0.8342863 0.9271967 0.8378698 0.9128673 0.8378698 0.929794 0.8303464 0.9004997 0.8378698 0.9128673 0.834045 0.9133847 0.898429 0.4341626 0.8891018 0.4432377 0.8885152 0.4380086 0.9055657 0.4231858 0.9012926 0.4385083 0.898429 0.4341626 0.9062523 0.4092243 0.9099341 0.4250038 0.9055657 0.4231858 0.9062523 0.4092243 0.903503 0.3935613 0.9107784 0.4078356 0.9002265 0.3976109 0.8918339 0.3876802 0.903503 0.3935613 0.8147242 0.9620788 0.8108768 0.965543 0.8110235 0.9547392 0.8147242 0.9836868 0.8108768 0.965543 0.8147242 0.9620788 0.8259347 0.9293457 0.8342863 0.9271967 0.8288883 0.9362536 0.8259347 0.9293457 0.834045 0.9133847 0.8342863 0.9271967 0.8275611 0.9083461 0.8303464 0.9004997 0.834045 0.9133847 0.882101 0.4325808 0.898429 0.4341626 0.8885152 0.4380086 0.8974528 0.4266252 0.9055657 0.4231858 0.898429 0.4341626 0.8974528 0.4266252 0.9062523 0.4092243 0.9055657 0.4231858 0.898516 0.4050053 0.9002265 0.3976109 0.9062523 0.4092243 0.8838213 0.3975993 0.9002265 0.3976109 0.898516 0.4050053 0.8142276 0.9219221 0.8259347 0.9293457 0.814036 0.931039 0.819048 0.9212361 0.8275611 0.9083461 0.8259347 0.9293457 0.8830562 0.4221935 0.8974528 0.4266252 0.882101 0.4325808 0.8897063 0.411022 0.8974528 0.4266252 0.8892755 0.4197807 0.8837531 0.4080216 0.898516 0.4050053 0.8897063 0.411022 0.6545575 0.9138577 0.652367 0.9305731 0.6519049 0.9137443 0.652367 0.9305731 0.6509175 0.946654 0.6482648 0.9465407 0.6901136 0.7512457 0.6920526 0.7684053 0.6901136 0.768433 0.9350236 0.6223846 0.931287 0.6091486 0.9373958 0.622616 0.931287 0.6091486 0.9293156 0.5918532 0.9316878 0.5920846 0.9316878 0.5920846 0.9350237 0.5771632 0.9373958 0.5773946 0.04166197 0.0221973 0.04000073 0.007107436 0.04166197 0.006159186 0.5273778 0.4558566 0.527845 0.4717027 0.5251893 0.4556263 0.08904469 0.8750945 0.08294582 0.8865823 0.07917654 0.8794931 0.5300336 0.471933 0.5251892 0.4881414 0.527845 0.4717027 0.6509175 0.9022597 0.6519049 0.9137443 0.6482648 0.9021464 0.7214581 0.8452981 0.7088557 0.8452708 0.7206658 0.8401142 0.7046677 0.8607293 0.7088557 0.8452708 0.7118539 0.8494914 0.7046677 0.8607293 0.7003061 0.8762753 0.7003061 0.859088 0.7046677 0.8747064 0.7088555 0.8902679 0.7003061 0.8762753 0.7214581 0.8905289 0.7088555 0.8902679 0.7118539 0.8860839 0.09889352 0.8977786 0.09001374 0.9073065 0.08917182 0.902112 0.1054866 0.8864622 0.1019682 0.9019778 0.09889352 0.8977786 0.1054866 0.8724839 0.1099415 0.888062 0.1054866 0.8864622 0.1054866 0.8724839 0.1019682 0.8569765 0.1099415 0.870873 0.09889346 0.8611828 0.09001368 0.8516818 0.1019682 0.8569765 0.7199563 0.8503112 0.7118539 0.8494914 0.7214581 0.8452981 0.7107646 0.8677012 0.7118539 0.8494914 0.7199563 0.8503112 0.7107646 0.8677012 0.7046677 0.8747064 0.7046677 0.8607293 0.7107646 0.8677012 0.7118539 0.8860839 0.7046677 0.8747064 0.7199562 0.8853318 0.7214581 0.8905289 0.7118539 0.8860839 0.08249771 0.8970065 0.09889352 0.8977786 0.08917182 0.902112 0.09755206 0.8902962 0.1054866 0.8864622 0.09889352 0.8977786 0.09755206 0.8902962 0.1054866 0.8724839 0.1054866 0.8864622 0.097552 0.8686502 0.09889346 0.8611828 0.1054866 0.8724839 0.08249771 0.8619827 0.09889346 0.8611828 0.097552 0.8686502 0.7244564 0.8607304 0.7107646 0.8677012 0.7199563 0.8503112 0.7207327 0.8677754 0.7199562 0.8853318 0.7107646 0.8677012 0.08294582 0.8865823 0.09755206 0.8902962 0.08249771 0.8970065 0.08904469 0.8750945 0.09755206 0.8902962 0.08904463 0.8838638 0.08294582 0.8723933 0.097552 0.8686502 0.08904469 0.8750945 0.7406583 0.9411893 0.7359138 0.957502 0.7383744 0.9413868 0.7359138 0.957502 0.7406583 0.9742311 0.7383744 0.9744287 0.06712216 0.9258229 0.06279134 0.9157466 0.06557142 0.9158177 0.06279134 0.9157466 0.06399774 0.8991121 0.06557142 0.9158177 0.06399774 0.8991121 0.06230074 0.8826627 0.06508076 0.8827338 0.06508076 0.8827338 0.06434214 0.872468 0.06712216 0.8725391 0.4536532 0.9810864 0.4488248 0.9648298 0.4510237 0.9645439 0.4488248 0.9648298 0.4536532 0.9486573 0.4510237 0.9645439 0.5686844 0.8774994 0.5691239 0.8862576 0.5631629 0.8892777 0.02843362 0.1726381 0.03008919 0.1575666 0.03008919 0.1735918 0.4490242 0.8237722 0.447095 0.8395793 0.447095 0.8231672 0.6129489 0.8925898 0.6051785 0.9045735 0.6099317 0.8889799 0.6088441 0.91923 0.6051785 0.9045735 0.6090835 0.9052707 0.6088441 0.91923 0.6120058 0.933331 0.6051785 0.9216781 0.6143962 0.9287064 0.6230525 0.9350812 0.6120058 0.933331 0.5701558 0.9044755 0.5590392 0.9049308 0.5602208 0.9006612 0.5796578 0.8996614 0.5712561 0.9096211 0.5701558 0.9044755 0.5856801 0.8880293 0.5829405 0.9037014 0.5796578 0.8996614 0.5849795 0.8740685 0.5902122 0.8894041 0.5856801 0.8880293 0.5849795 0.8740685 0.580685 0.8587566 0.5893507 0.8722368 0.5778236 0.8631116 0.5684681 0.8540663 0.580685 0.8587566 0.6156484 0.9003703 0.6090835 0.9052707 0.6129489 0.8925898 0.6172627 0.9215757 0.6090835 0.9052707 0.6156484 0.9003703 0.6172627 0.9215757 0.6143962 0.9287064 0.6088441 0.91923 0.6172627 0.9215757 0.6236191 0.9300802 0.6143962 0.9287064 0.4920403 0.5475326 0.4953153 0.539831 0.4953153 0.5531792 0.563233 0.8997108 0.5796578 0.8996614 0.5701558 0.9044755 0.5779471 0.8922561 0.5856801 0.8880293 0.5796578 0.8996614 0.5779471 0.8922561 0.5849795 0.8740685 0.5856801 0.8880293 0.5768621 0.8706373 0.5778236 0.8631116 0.5849795 0.8740685 0.5614775 0.8647309 0.5778236 0.8631116 0.5768621 0.8706373 0.6236325 0.9050904 0.6172627 0.9215757 0.6156484 0.9003703 0.6242865 0.9136813 0.6295596 0.924114 0.6172627 0.9215757 0.5631629 0.8892777 0.5779471 0.8922561 0.563233 0.8997108 0.5686844 0.8774994 0.5779471 0.8922561 0.5691239 0.8862576 0.5624517 0.8751065 0.5768621 0.8706373 0.5686844 0.8774994 0.9475791 0.8830415 0.9480869 0.8998852 0.9453286 0.8998665 0.9453286 0.8998665 0.9480869 0.8998852 0.9489685 0.9119356 0.8339694 0.1481316 0.8312075 0.1480667 0.8327934 0.1324395 0.8327934 0.1324395 0.8312075 0.1153765 0.8339694 0.1154414 0.9559122 0.4490242 0.9532462 0.4490181 0.9497165 0.4362143 0.9523826 0.4362204 0.9497165 0.4362143 0.9492089 0.4191148 0.951875 0.419121 0.9492089 0.4191148 0.9532461 0.4046646 0.7530511 0.9808965 0.7573259 0.9642475 0.7591748 0.9647234 0.5030274 0.8983206 0.5093581 0.8933672 0.5138427 0.8983206 0.5138427 0.8983206 0.5102837 0.9063352 0.5030274 0.8983206 0.7573259 0.9642475 0.7530511 0.9487966 0.7549 0.9492725 0.9489685 0.8674008 0.9475791 0.8830415 0.9448209 0.8830227 0.5213413 0.8817076 0.5106866 0.8817075 0.5111162 0.8772997 0.501128 0.8898392 0.4992399 0.8872448 0.5111162 0.8772997 0.501128 0.8898392 0.495455 0.9026146 0.4922639 0.9029546 0.495455 0.9026146 0.4958343 0.915154 0.4928527 0.9184283 0.5029829 0.9230498 0.5016432 0.9281375 0.4928527 0.9184283 0.5136377 0.9230498 0.5147451 0.9281375 0.5016432 0.9281375 0.5242614 0.9153901 0.5276867 0.9186644 0.5147451 0.9281375 0.5299345 0.9026147 0.5346627 0.9029546 0.5276867 0.9186644 0.5299345 0.9026147 0.52849 0.8896032 0.5330088 0.8870089 0.52849 0.8896032 0.5213413 0.8817076 0.5242182 0.8772997 0.05323481 0.2868826 0.04678219 0.2893196 0.04678219 0.2794272 0.9635798 0.4363742 0.9635798 0.415161 0.9684176 0.4177687 0.4989538 0.9156731 0.5154531 0.9156731 0.5136377 0.9230498 0.5154531 0.9156731 0.5242379 0.8958899 0.5299345 0.9026147 0.5131681 0.8836633 0.5213413 0.8817076 0.52849 0.8896032 0.5093581 0.8933672 0.5030274 0.8983206 0.4975417 0.8958899 0.5030274 0.8983206 0.5035995 0.9063352 0.4989538 0.9156731 0.5035995 0.9063352 0.5102837 0.9063352 0.5154531 0.9156731 0.5138427 0.8983206 0.5242379 0.8958899 0.5154531 0.9156731 0.5093581 0.8933672 0.5131681 0.8836633 0.5242379 0.8958899 0.01392066 0.7570754 0.005055785 0.7356737 0.03030073 0.6747267 0.005055785 0.7356737 0.005055725 0.7125086 0.03030073 0.6747267 0.005055725 0.7125086 0.0139206 0.6911069 0.03030073 0.6747267 0.03030073 0.6747267 0.05170243 0.6658618 0.07486748 0.6658618 0.07486748 0.6658618 0.09626919 0.6747267 0.1126494 0.6911069 0.1126494 0.6911069 0.1215143 0.7125086 0.1215143 0.7356737 0.1215143 0.7356737 0.1126494 0.7570754 0.1126494 0.6911069 0.1126494 0.7570754 0.09626924 0.7734556 0.1126494 0.6911069 0.09626924 0.7734556 0.07486754 0.7823204 0.05170249 0.7823204 0.05170249 0.7823204 0.03030079 0.7734556 0.09626924 0.7734556 0.03030079 0.7734556 0.01392066 0.7570754 0.09626924 0.7734556 0.03030073 0.6747267 0.07486748 0.6658618 0.01392066 0.7570754 0.07486748 0.6658618 0.1126494 0.6911069 0.01392066 0.7570754 0.9530872 0.2718544 0.949849 0.2846906 0.9471578 0.2846852 0.5712854 0.1571697 0.5740103 0.1569776 0.5720778 0.1728278 0.5693529 0.17302 0.5720778 0.1728278 0.5740103 0.1896016 0.7969855 0.9512832 0.7975559 0.9392611 0.8003283 0.9392586 0.8003283 0.9392586 0.7975559 0.9392611 0.7980644 0.922427 0.8008369 0.9224246 0.7980644 0.922427 0.7969855 0.9067655 0.9286033 0.9469563 0.9304522 0.9464803 0.9261775 0.9619328 0.9261775 0.9619328 0.9304522 0.9785818 0.9286033 0.9790578 0.7460564 0.9140617 0.7466282 0.9060474 0.7533127 0.9060474 0.7533127 0.9060474 0.7568721 0.9140617 0.7523875 0.9190149 0.949849 0.2403202 0.9535976 0.25475 0.9509065 0.2547447 0.9535976 0.25475 0.9530872 0.2718544 0.9503961 0.271849 0.7460117 0.8893356 0.7388631 0.8972311 0.7358797 0.8939538 0.7384833 0.909768 0.7352907 0.9094249 0.7358797 0.8939538 0.7384833 0.909768 0.7441572 0.9225431 0.7422677 0.9251342 0.7441572 0.9225431 0.7537175 0.9306766 0.7541459 0.9350812 0.7643727 0.9306766 0.7672485 0.9350812 0.7541459 0.9350812 0.7715213 0.9227812 0.776039 0.9253723 0.7672485 0.9350812 0.7729643 0.9097679 0.7776913 0.9094249 0.776039 0.9253723 0.7672904 0.8969929 0.7707142 0.8937156 0.7776913 0.9094249 0.7672904 0.8969929 0.7566668 0.8893356 0.7577728 0.8842448 0.7566668 0.8893356 0.7460117 0.8893356 0.7446702 0.8842449 0.09196597 0.9436523 0.08620721 0.9372228 0.0895065 0.9245934 0.09196597 0.9436523 0.09489679 0.9585347 0.0895065 0.9605413 0.756198 0.9287183 0.7672678 0.916492 0.7715213 0.9227812 0.7672678 0.916492 0.7584816 0.8967094 0.7672904 0.8969929 0.7419817 0.8967095 0.7460117 0.8893356 0.7566668 0.8893356 0.7460564 0.9140617 0.7405703 0.916492 0.7419817 0.8967095 0.7460564 0.9140617 0.7523875 0.9190149 0.756198 0.9287183 0.7523875 0.9190149 0.7568721 0.9140617 0.7672678 0.916492 0.7533127 0.9060474 0.7584816 0.8967094 0.7672678 0.916492 0.7466282 0.9060474 0.7419817 0.8967095 0.7584816 0.8967094 0.9392867 0.4270811 0.9397103 0.4421144 0.9369083 0.4422189 0.9369083 0.4422189 0.9397103 0.4421144 0.9390489 0.4595166 0.9362468 0.4596211 0.9390489 0.4595166 0.9397103 0.4720652 0.9744364 0.9372323 0.9767106 0.9203758 0.9790579 0.9205392 0.9790579 0.9205392 0.9767106 0.9203758 0.9744364 0.9041622 0.6897381 0.8002484 0.6878268 0.8008368 0.6878269 0.7843697 0.100185 0.007118701 0.1018405 0.006164968 0.1018404 0.02219182 0.1580013 0.9044108 0.1635276 0.9192748 0.1612583 0.9193849 0.9154075 0.7782311 0.9112835 0.7851225 0.9053222 0.7821016 0.9053222 0.7821016 0.905762 0.7733433 0.9154075 0.7782311 0.1635276 0.9192748 0.1643335 0.9360802 0.1620644 0.9361903 0.1643335 0.9360802 0.1580013 0.9488585 0.155732 0.9489685 0.9042904 0.800317 0.9142261 0.796504 0.9154075 0.8007772 0.9285594 0.7392975 0.9308746 0.743967 0.920323 0.7452875 0.9285594 0.7392975 0.9338626 0.730085 0.9373958 0.7326387 0.9338626 0.730085 0.9336201 0.7162033 0.9373958 0.7156295 0.9300245 0.7033839 0.9329742 0.6998656 0.9373958 0.7156295 0.8966234 0.758952 0.8937619 0.7546001 0.9059796 0.7499113 0.8894668 0.7699105 0.8850954 0.7680817 0.8937619 0.7546001 0.8887658 0.7838713 0.8842334 0.785249 0.8850954 0.7680817 0.8887658 0.7838713 0.8947881 0.7955018 0.891505 0.7995448 0.8947881 0.7955018 0.9042904 0.800317 0.9031899 0.805466 0.1134133 0.9860014 0.1082292 0.9833313 0.1095741 0.9691549 0.9255542 0.7322742 0.9271882 0.7111887 0.9336201 0.7162033 0.9129698 0.7605761 0.8975843 0.7664808 0.8966234 0.758952 0.8975843 0.7664808 0.8964987 0.7880994 0.8887658 0.7838713 0.9112133 0.7955559 0.9042904 0.800317 0.8947881 0.7955018 0.918753 0.7242183 0.9255542 0.7322742 0.9139008 0.7342711 0.918753 0.7242183 0.919415 0.715676 0.9271882 0.7111887 0.9119951 0.7709513 0.905762 0.7733433 0.8975843 0.7664808 0.9053222 0.7821016 0.8964987 0.7880994 0.8975843 0.7664808 0.9112835 0.7851225 0.9112133 0.7955559 0.8964987 0.7880994 0.941574 0.07685941 0.9420248 0.09403479 0.9394211 0.09407222 0.9394211 0.09407222 0.9420248 0.09403479 0.9374665 0.1087467 0.004961848 0.7674463 0.006943583 0.7674329 0.006943583 0.7846215 0.9463146 0.3888456 0.942223 0.3728696 0.9448768 0.3727561 0.9448768 0.3727561 0.942223 0.3728696 0.9426857 0.3560447 0.9453395 0.3559312 0.9426857 0.3560447 0.9463147 0.3444607 0.4420804 0.7821334 0.4398617 0.7823204 0.4372832 0.765962 0.4372832 0.765962 0.4398617 0.7497613 0.4420804 0.7495742 0.9061492 0.1203182 0.9023798 0.1274068 0.8962807 0.1246875 0.8962807 0.1246875 0.8962807 0.1159182 0.9061492 0.1203182 0.05554938 0.007108509 0.05554938 0.02314555 0.05388808 0.02219754 0.9374665 0.06334155 0.941574 0.07685941 0.9389703 0.07689666 0.9076443 0.01090276 0.8982381 0.01515835 0.8952665 0.01094532 0.8911604 0.0264306 0.8868536 0.02480584 0.8952665 0.01094532 0.8911604 0.0264306 0.8911604 0.04040861 0.8868536 0.04199439 0.8911604 0.04040861 0.898238 0.0517534 0.8952664 0.05594563 0.9076442 0.05613666 0.9068332 0.06133574 0.8952664 0.05594563 0.8864319 0.1020032 0.8833571 0.09780013 0.895312 0.092507 0.8798385 0.1133059 0.8753836 0.111698 0.8833571 0.09780013 0.8798385 0.1272843 0.8753836 0.128887 0.8753836 0.111698 0.8798385 0.1272843 0.8864319 0.1385991 0.8833571 0.1428014 0.8864319 0.1385991 0.8961539 0.1429337 0.8953121 0.1481317 0.8972811 0.03341192 0.8911604 0.0264306 0.8982381 0.01515835 0.8972811 0.03341192 0.9062833 0.05098456 0.898238 0.0517534 0.9028281 0.1028078 0.8877732 0.1094735 0.8864319 0.1020032 0.8877732 0.1094735 0.8877733 0.1311194 0.8798385 0.1272843 0.9028281 0.1378317 0.8961539 0.1429337 0.8864319 0.1385991 0.9071314 0.03345024 0.8972811 0.03341192 0.9062833 0.01596146 0.9071314 0.03345024 0.9107784 0.0405693 0.9062833 0.05098456 0.9023798 0.1132178 0.8962807 0.1159182 0.8877732 0.1094735 0.8962807 0.1246875 0.8877733 0.1311194 0.8877732 0.1094735 0.9023798 0.1274068 0.9028281 0.1378317 0.8877733 0.1311194 0.9767432 0.51763 0.974449 0.5338114 0.9721085 0.5339847 0.9721085 0.5339847 0.974449 0.5338114 0.9767432 0.5506914 0.9366763 0.3309817 0.9338745 0.3308775 0.9345939 0.316385 0.9345939 0.316385 0.9338745 0.2989489 0.9366763 0.2990531 0.9366763 0.2990531 0.9338745 0.2989489 0.9341532 0.285701 0.9813724 0.9834372 0.9787275 0.9836869 0.9762935 0.9668542 0.9789384 0.9666045 0.9762935 0.9668542 0.9787274 0.9516715 0.2962633 0.9492675 0.2919973 0.9659186 0.2901419 0.9654457 0.6966817 0.5792593 0.6932687 0.5865263 0.6870491 0.5841127 0.6870491 0.5841127 0.6866183 0.575354 0.6925715 0.5723544 0.2919973 0.9659186 0.2962633 0.9813724 0.2944079 0.9808993 0.1504462 0.6402489 0.1504462 0.6573343 0.1486194 0.6571009 0.2384304 0.902289 0.2348097 0.9150769 0.2310205 0.9144732 0.2345675 0.9289798 0.2310205 0.9315084 0.2310205 0.9144732 0.2345675 0.9289798 0.2398949 0.9382569 0.2375715 0.9429163 0.2398949 0.9382569 0.248757 0.9393646 0.2481712 0.9443395 0.6855873 0.5571584 0.6844905 0.5520138 0.6966817 0.5567448 0.6760976 0.5619397 0.6728212 0.5578934 0.6844905 0.5520138 0.670072 0.5735548 0.665546 0.572169 0.6728212 0.5578934 0.6707588 0.5875163 0.6663905 0.5893372 0.665546 0.572169 0.6707588 0.5875163 0.6778958 0.5984914 0.6750324 0.6028404 0.6778958 0.5984914 0.68781 0.6023387 0.6872237 0.6075713 0.2428865 0.9311993 0.2345675 0.9289798 0.2348097 0.9150769 0.3489224 0.9860015 0.3489224 0.9643977 0.3527812 0.9678372 0.6925033 0.5619328 0.6778082 0.5693369 0.6760976 0.5619397 0.6778082 0.5693369 0.6788719 0.5909567 0.6707588 0.5875163 0.6942242 0.5969144 0.68781 0.6023387 0.6778958 0.5984914 0.2497087 0.923177 0.2428865 0.9311993 0.2412531 0.9100822 0.2497087 0.923177 0.2544546 0.9240388 0.2546013 0.9333266 0.6925715 0.5723544 0.6866183 0.575354 0.6778082 0.5693369 0.6870491 0.5841127 0.6788719 0.5909567 0.6778082 0.5693369 0.6932687 0.5865263 0.6942242 0.5969144 0.6788719 0.5909567 0.9805846 0.02249103 0.9813723 0.0393033 0.978599 0.03934741 0.9390782 0.2268221 0.9363073 0.2268266 0.9392539 0.2130295 0.9420248 0.213025 0.9392539 0.2130295 0.9392538 0.1958415 0.9392538 0.1958415 0.9363073 0.1818277 0.9390782 0.1818231 0.9783613 0.6689071 0.9755811 0.6688863 0.9762776 0.6522657 0.9790577 0.6522866 0.9762776 0.6522657 0.9755811 0.6362438 0.2735168 0.9016525 0.2754324 0.9016523 0.2674667 0.9155589 0.2674667 0.9155589 0.2674667 0.932748 0.2655512 0.9327481 0.4452602 0.9075793 0.4447048 0.9155912 0.4380378 0.9155911 0.4380378 0.9155911 0.4344726 0.9075793 0.4452602 0.9075793 0.2674667 0.932748 0.2754324 0.9466537 0.2735168 0.9466539 0.9813723 0.006792008 0.9805846 0.02249103 0.9778113 0.02253508 0.4453228 0.9323053 0.452438 0.9244123 0.4554147 0.9276899 0.4527878 0.9118808 0.4559678 0.9122251 0.4554147 0.9276899 0.4527878 0.9118808 0.4471049 0.8991098 0.4489797 0.8965207 0.4471049 0.8991098 0.43756 0.8909772 0.4371195 0.8865754 0.4269326 0.8909772 0.4240511 0.8865754 0.4371195 0.8865754 0.4198173 0.8988702 0.4153017 0.8962812 0.4240511 0.8865754 0.4183968 0.9118809 0.4136778 0.9122252 0.4153017 0.8962812 0.4240797 0.9246519 0.4206659 0.9279295 0.4136778 0.9122252 0.4240797 0.9246519 0.4346954 0.9323053 0.4335969 0.9373958 0.4346954 0.9323053 0.4453228 0.9323053 0.4466653 0.9373958 0.9619247 0.7640839 0.9674849 0.7711011 0.9648286 0.7823204 0.9619247 0.7640839 0.9599674 0.7464408 0.9648287 0.7457265 0.4351053 0.8929307 0.4240872 0.9051532 0.4198173 0.8988702 0.4240872 0.9051532 0.4328873 0.9249296 0.4240797 0.9246519 0.4493442 0.9249295 0.4453228 0.9323053 0.4346954 0.9323053 0.4452602 0.9075793 0.450715 0.9051532 0.4493442 0.9249295 0.4452602 0.9075793 0.4389363 0.9026277 0.4351053 0.8929307 0.4389363 0.9026277 0.4344726 0.9075793 0.4240872 0.9051532 0.4380378 0.9155911 0.4328873 0.9249296 0.4240872 0.9051532 0.4447048 0.9155912 0.4493442 0.9249295 0.4328873 0.9249296 0.05061537 0.8805332 0.0509203 0.8938161 0.04811841 0.8939214 0.04811841 0.8939214 0.0509203 0.8938161 0.05021131 0.9112553 0.04740935 0.9113606 0.05021131 0.9112553 0.0509203 0.9257176 0.08329635 0.0392155 0.0856232 0.02244949 0.08795315 0.02258139 0.08795315 0.02258139 0.0856232 0.02244949 0.08329635 0.006130158 0.6827945 0.2083101 0.6813474 0.2081953 0.6813474 0.191026 0.4192983 0.9785845 0.4174428 0.9790577 0.4217087 0.9636029 0.4217087 0.9636029 0.4174429 0.9469517 0.4192982 0.9464784 0.8796431 0.4149259 0.8837531 0.4080216 0.8830562 0.4221935 0.8837531 0.4080216 0.8897063 0.411022 0.8830562 0.4221935 0.9788959 0.1625448 0.9813724 0.1775337 0.9787356 0.1772564 0.9813724 0.1775337 0.9788959 0.1944228 0.9762591 0.1941455 0.8907371 0.3928282 0.8808233 0.3966742 0.8796431 0.3924096 0.8288883 0.9362536 0.831232 0.9409312 0.8204916 0.9420248 0.8288883 0.9362536 0.8342863 0.9271967 0.8378698 0.929794 0.8342863 0.9271967 0.834045 0.9133847 0.8378698 0.9128673 0.8303464 0.9004997 0.8333217 0.8970228 0.8378698 0.9128673 0.898429 0.4341626 0.9012926 0.4385083 0.8891018 0.4432377 0.9055657 0.4231858 0.9099341 0.4250038 0.9012926 0.4385083 0.9062523 0.4092243 0.9107784 0.4078356 0.9099341 0.4250038 0.9062523 0.4092243 0.9002265 0.3976109 0.903503 0.3935613 0.9002265 0.3976109 0.8907371 0.3928282 0.8918339 0.3876802 0.8147242 0.9836868 0.8095314 0.9797396 0.8108768 0.965543 0.8259347 0.9293457 0.8275611 0.9083461 0.834045 0.9133847 0.882101 0.4325808 0.8974528 0.4266252 0.898429 0.4341626 0.8974528 0.4266252 0.898516 0.4050053 0.9062523 0.4092243 0.8838213 0.3975993 0.8907371 0.3928282 0.9002265 0.3976109 0.8142276 0.9219221 0.819048 0.9212361 0.8259347 0.9293457 0.819048 0.9212361 0.8197069 0.9127287 0.8275611 0.9083461 0.8830562 0.4221935 0.8892755 0.4197807 0.8974528 0.4266252 0.8897063 0.411022 0.898516 0.4050053 0.8974528 0.4266252 0.8837531 0.4080216 0.8838213 0.3975993 0.898516 0.4050053 0.6545575 0.9138577 0.6550197 0.9306864 0.652367 0.9305731 0.652367 0.9305731 0.6550197 0.9306864 0.6509175 0.946654 0.6901136 0.7512457 0.6920526 0.751218 0.6920526 0.7684053 0.9350236 0.6223846 0.9289149 0.6089173 0.931287 0.6091486 0.931287 0.6091486 0.9289149 0.6089173 0.9293156 0.5918532 0.9316878 0.5920846 0.9293156 0.5918532 0.9350237 0.5771632 0.04166197 0.0221973 0.04000073 0.02314555 0.04000073 0.007107436 0.5273778 0.4558566 0.5300336 0.471933 0.527845 0.4717027 0.07917654 0.8794931 0.08294582 0.8723933 0.08904469 0.8750945 0.08904469 0.8750945 0.08904463 0.8838638 0.08294582 0.8865823 0.5300336 0.471933 0.5273777 0.4883716 0.5251892 0.4881414 0.6509175 0.9022597 0.6545575 0.9138577 0.6519049 0.9137443 0.7214581 0.8452981 0.7118539 0.8494914 0.7088557 0.8452708 0.7046677 0.8607293 0.7003061 0.859088 0.7088557 0.8452708 0.7046677 0.8607293 0.7046677 0.8747064 0.7003061 0.8762753 0.7046677 0.8747064 0.7118539 0.8860839 0.7088555 0.8902679 0.7214581 0.8905289 0.7206657 0.8957337 0.7088555 0.8902679 0.09889352 0.8977786 0.1019682 0.9019778 0.09001374 0.9073065 0.1054866 0.8864622 0.1099415 0.888062 0.1019682 0.9019778 0.1054866 0.8724839 0.1099415 0.870873 0.1099415 0.888062 0.1054866 0.8724839 0.09889346 0.8611828 0.1019682 0.8569765 0.09889346 0.8611828 0.08917182 0.856877 0.09001368 0.8516818 0.7107646 0.8677012 0.7046677 0.8607293 0.7118539 0.8494914 0.7107646 0.8677012 0.7199562 0.8853318 0.7118539 0.8860839 0.08249771 0.8970065 0.09755206 0.8902962 0.09889352 0.8977786 0.09755206 0.8902962 0.097552 0.8686502 0.1054866 0.8724839 0.08249771 0.8619827 0.08917182 0.856877 0.09889346 0.8611828 0.7244564 0.8607304 0.7207327 0.8677754 0.7107646 0.8677012 0.7207327 0.8677754 0.7244565 0.874918 0.7199562 0.8853318 0.08294582 0.8865823 0.08904463 0.8838638 0.09755206 0.8902962 0.08904469 0.8750945 0.097552 0.8686502 0.09755206 0.8902962 0.08294582 0.8723933 0.08249771 0.8619827 0.097552 0.8686502 0.7406583 0.9411893 0.7381978 0.9573044 0.7359138 0.957502 0.7359138 0.957502 0.7381978 0.9573044 0.7406583 0.9742311 0.06712216 0.9258229 0.06434208 0.9257518 0.06279134 0.9157466 0.06279134 0.9157466 0.06121772 0.899041 0.06399774 0.8991121 0.06399774 0.8991121 0.06121772 0.899041 0.06230074 0.8826627 0.06508076 0.8827338 0.06230074 0.8826627 0.06434214 0.872468 0.4536532 0.9810864 0.4514544 0.9813724 0.4488248 0.9648298 0.4488248 0.9648298 0.4514544 0.9489432 0.4536532 0.9486573 0.5590392 0.8823859 0.5624517 0.8751065 0.5631629 0.8892777 0.5624517 0.8751065 0.5686844 0.8774994 0.5631629 0.8892777 0.02843362 0.1726381 0.02843362 0.1566128 0.03008919 0.1575666 0.4490242 0.8237722 0.4490242 0.8401843 0.447095 0.8395793 0.6129489 0.8925898 0.6090835 0.9052707 0.6051785 0.9045735 0.6088441 0.91923 0.6051785 0.9216781 0.6051785 0.9045735 0.6088441 0.91923 0.6143962 0.9287064 0.6120058 0.933331 0.6143962 0.9287064 0.6236191 0.9300802 0.6230525 0.9350812 0.5701558 0.9044755 0.5712561 0.9096211 0.5590392 0.9049308 0.5796578 0.8996614 0.5829405 0.9037014 0.5712561 0.9096211 0.5856801 0.8880293 0.5902122 0.8894041 0.5829405 0.9037014 0.5849795 0.8740685 0.5893507 0.8722368 0.5902122 0.8894041 0.5849795 0.8740685 0.5778236 0.8631116 0.580685 0.8587566 0.5778236 0.8631116 0.5678886 0.8592973 0.5684681 0.8540663 0.6172627 0.9215757 0.6088441 0.91923 0.6090835 0.9052707 0.6172627 0.9215757 0.6295596 0.924114 0.6236191 0.9300802 0.563233 0.8997108 0.5779471 0.8922561 0.5796578 0.8996614 0.5779471 0.8922561 0.5768621 0.8706373 0.5849795 0.8740685 0.5614775 0.8647309 0.5678886 0.8592973 0.5778236 0.8631116 0.6236325 0.9050904 0.6242865 0.9136813 0.6172627 0.9215757 0.6242865 0.9136813 0.6292682 0.9147096 0.6295596 0.924114 0.5631629 0.8892777 0.5691239 0.8862576 0.5779471 0.8922561 0.5686844 0.8774994 0.5768621 0.8706373 0.5779471 0.8922561 0.5624517 0.8751065 0.5614775 0.8647309 0.5768621 0.8706373</float_array>
          <technique_common>
            <accessor source="#spart_shields-mesh-map-1-array" count="1878" stride="2">
              <param name="S" type="float"/>
              <param name="T" type="float"/>
            </accessor>
          </technique_common>
        </source>
        <vertices id="spart_shields-mesh-vertices">
          <input semantic="POSITION" source="#spart_shields-mesh-positions"/>
        </vertices>
        <triangles material="hele_decor_001-material" count="626">
          <input semantic="VERTEX" source="#spart_shields-mesh-vertices" offset="0"/>
          <input semantic="NORMAL" source="#spart_shields-mesh-normals" offset="1"/>
          <input semantic="TEXCOORD" source="#spart_shields-mesh-map-0" offset="2" set="0"/>
          <input semantic="TEXCOORD" source="#spart_shields-mesh-map-1" offset="2" set="1"/>
          <p>16 0 0 2 1 1 0 2 2 2 1 3 17 3 4 3 4 5 3 4 6 18 5 7 5 6 8 18 5 9 6 7 10 5 6 11 6 7 12 20 8 13 8 9 14 8 9 15 21 10 16 9 11 17 9 11 18 22 12 19 11 13 20 22 12 21 12 14 22 11 13 23 10 15 24 7 16 25 4 17 26 23 18 27 14 19 28 12 14 29 24 20 30 0 2 31 14 19 32 26 21 33 15 22 34 16 0 35 27 23 36 15 22 37 25 24 38 27 23 39 18 5 40 17 3 41 28 25 42 19 26 43 18 5 44 30 27 45 19 26 46 29 28 47 31 29 48 20 8 49 30 27 50 32 30 51 21 10 52 31 29 53 33 31 54 22 12 55 32 30 56 33 31 57 24 20 58 23 18 59 34 32 60 16 0 61 24 20 62 35 33 63 25 24 64 26 21 65 36 34 66 25 24 67 35 33 68 36 34 69 28 25 70 27 23 71 36 34 72 29 28 73 28 25 74 37 35 75 30 27 76 29 28 77 37 35 78 31 29 79 30 27 80 38 36 81 32 30 82 31 29 83 38 36 84 33 31 85 32 30 86 39 37 87 34 32 88 33 31 89 35 33 90 34 32 91 39 37 92 1 38 93 36 34 94 35 33 95 4 17 96 37 35 97 36 34 98 7 16 99 38 36 100 37 35 101 13 39 102 38 36 103 10 15 104 1 38 105 39 37 106 13 39 107 50 40 108 46 41 109 42 42 110 72 43 111 58 44 112 56 45 113 58 44 114 73 46 115 59 47 116 59 47 117 74 48 118 61 49 119 74 48 120 62 50 121 61 49 122 62 50 123 76 51 124 64 52 125 64 52 126 77 53 127 65 54 128 65 54 129 78 55 130 67 56 131 78 55 132 68 57 133 67 56 134 69 58 135 63 59 136 60 60 137 79 61 138 70 62 139 68 57 140 80 63 141 56 45 142 70 62 143 82 64 144 71 65 145 72 43 146 83 66 147 71 65 148 81 67 149 83 66 150 74 48 151 73 46 152 84 68 153 75 69 154 74 48 155 86 70 156 75 69 157 85 71 158 87 72 159 76 51 160 86 70 161 88 73 162 77 53 163 87 72 164 89 74 165 78 55 166 88 73 167 89 74 168 80 63 169 79 61 170 90 75 171 72 43 172 80 63 173 91 76 174 81 67 175 82 64 176 92 77 177 81 67 178 91 76 179 92 77 180 84 68 181 83 66 182 92 77 183 85 71 184 84 68 185 93 78 186 86 70 187 85 71 188 93 78 189 87 72 190 86 70 191 94 79 192 88 73 193 87 72 194 94 79 195 89 74 196 88 73 197 95 80 198 90 75 199 89 74 200 91 76 201 90 75 202 95 80 203 60 60 204 91 76 205 57 81 206 60 60 207 93 78 208 92 77 209 63 59 210 94 79 211 93 78 212 69 58 213 94 79 214 66 82 215 57 81 216 95 80 217 69 58 218 112 83 219 98 84 220 96 85 221 98 84 222 113 86 223 99 87 224 99 87 225 114 88 226 101 89 227 114 88 228 102 90 229 101 89 230 102 90 231 116 91 232 104 92 233 104 92 234 117 93 235 105 94 236 105 94 237 118 95 238 107 96 239 118 95 240 108 97 241 107 96 242 106 98 243 103 99 244 100 100 245 119 101 246 110 102 247 108 97 248 120 103 249 96 85 250 110 102 251 122 104 252 111 105 253 112 83 254 123 106 255 111 105 256 121 107 257 123 106 258 114 88 259 113 86 260 124 108 261 115 109 262 114 88 263 126 110 264 115 109 265 125 111 266 127 112 267 116 91 268 126 110 269 128 113 270 117 93 271 127 112 272 129 114 273 118 95 274 128 113 275 129 114 276 120 103 277 119 101 278 130 115 279 112 83 280 120 103 281 131 116 282 121 107 283 122 104 284 132 117 285 121 107 286 131 116 287 132 117 288 124 108 289 123 106 290 132 117 291 125 111 292 124 108 293 133 118 294 126 110 295 125 111 296 133 118 297 127 112 298 126 110 299 134 119 300 128 113 301 127 112 302 134 119 303 129 114 304 128 113 305 135 120 306 130 115 307 129 114 308 131 116 309 130 115 310 135 120 311 100 100 312 131 116 313 97 121 314 100 100 315 133 118 316 132 117 317 103 99 318 134 119 319 133 118 320 109 122 321 134 119 322 106 98 323 97 121 324 135 120 325 109 122 326 152 123 327 138 124 328 136 125 329 138 124 330 153 126 331 139 127 332 139 127 333 154 128 334 141 129 335 154 128 336 142 130 337 141 129 338 142 130 339 156 131 340 144 132 341 144 132 342 157 133 343 145 134 344 145 134 345 158 135 346 147 136 347 158 135 348 148 137 349 147 136 350 146 138 351 143 139 352 140 140 353 159 141 354 150 142 355 148 137 356 160 143 357 136 125 358 150 142 359 162 144 360 151 145 361 152 123 362 163 146 363 151 145 364 161 147 365 163 146 366 154 128 367 153 126 368 164 148 369 155 149 370 154 128 371 166 150 372 155 149 373 165 151 374 167 152 375 156 131 376 166 150 377 168 153 378 157 133 379 167 152 380 169 154 381 158 135 382 168 153 383 169 154 384 160 143 385 159 141 386 170 155 387 152 123 388 160 143 389 171 156 390 161 147 391 162 144 392 172 157 393 161 147 394 171 156 395 172 157 396 164 148 397 163 146 398 172 157 399 165 151 400 164 148 401 173 158 402 166 150 403 165 151 404 173 158 405 167 152 406 166 150 407 174 159 408 168 153 409 167 152 410 174 159 411 169 154 412 168 153 413 175 160 414 170 155 415 169 154 416 171 156 417 170 155 418 175 160 419 140 140 420 171 156 421 137 161 422 140 140 423 173 158 424 172 157 425 143 139 426 174 159 427 173 158 428 149 162 429 174 159 430 146 138 431 137 161 432 175 160 433 149 162 434 192 163 435 178 164 436 176 165 437 178 164 438 193 166 439 179 167 440 179 167 441 194 168 442 181 169 443 194 168 444 182 170 445 181 169 446 182 170 447 196 171 448 184 172 449 184 172 450 197 173 451 185 174 452 185 174 453 198 175 454 187 176 455 198 175 456 188 177 457 187 176 458 189 178 459 183 179 460 180 180 461 199 181 462 190 182 463 188 177 464 200 183 465 176 165 466 190 182 467 202 184 468 191 185 469 192 163 470 203 186 471 191 185 472 201 187 473 203 186 474 194 168 475 193 166 476 204 188 477 195 189 478 194 168 479 206 190 480 195 189 481 205 191 482 207 192 483 196 171 484 206 190 485 208 193 486 197 173 487 207 192 488 209 194 489 198 175 490 208 193 491 209 194 492 200 183 493 199 181 494 210 195 495 192 163 496 200 183 497 211 196 498 201 187 499 202 184 500 212 197 501 201 187 502 211 196 503 212 197 504 204 188 505 203 186 506 212 197 507 205 191 508 204 188 509 213 198 510 206 190 511 205 191 512 213 198 513 207 192 514 206 190 515 214 199 516 208 193 517 207 192 518 214 199 519 209 194 520 208 193 521 215 200 522 210 195 523 209 194 524 211 196 525 210 195 526 215 200 527 180 180 528 211 196 529 177 201 530 180 180 531 213 198 532 212 197 533 183 179 534 214 199 535 213 198 536 189 178 537 214 199 538 186 202 539 177 201 540 215 200 541 189 178 542 232 203 543 218 204 544 216 205 545 218 204 546 233 206 547 219 207 548 219 207 549 234 208 550 221 209 551 234 208 552 222 210 553 221 209 554 222 210 555 236 211 556 224 212 557 224 212 558 237 213 559 225 214 560 225 214 561 238 215 562 227 216 563 238 215 564 228 217 565 227 216 566 226 218 567 223 219 568 220 220 569 239 221 570 230 222 571 228 217 572 240 223 573 216 205 574 230 222 575 242 224 576 231 225 577 232 203 578 243 226 579 231 225 580 241 227 581 243 226 582 234 208 583 233 206 584 244 228 585 235 229 586 234 208 587 246 230 588 235 229 589 245 231 590 247 232 591 236 211 592 246 230 593 248 233 594 237 213 595 247 232 596 249 234 597 238 215 598 248 233 599 249 234 600 240 223 601 239 221 602 250 235 603 232 203 604 240 223 605 251 236 606 241 227 607 242 224 608 252 237 609 241 227 610 251 236 611 252 237 612 244 228 613 243 226 614 252 237 615 245 231 616 244 228 617 253 238 618 246 230 619 245 231 620 253 238 621 247 232 622 246 230 623 254 239 624 248 233 625 247 232 626 254 239 627 249 234 628 248 233 629 255 240 630 250 235 631 249 234 632 251 236 633 250 235 634 255 240 635 220 220 636 251 236 637 217 241 638 220 220 639 253 238 640 252 237 641 223 219 642 254 239 643 253 238 644 229 242 645 254 239 646 226 218 647 217 241 648 255 240 649 229 242 650 272 243 651 258 244 652 256 245 653 258 244 654 273 246 655 259 247 656 259 247 657 274 248 658 261 249 659 274 248 660 262 250 661 261 249 662 262 250 663 276 251 664 264 252 665 264 252 666 277 253 667 265 254 668 265 254 669 278 255 670 267 256 671 278 255 672 268 257 673 267 256 674 269 258 675 266 259 676 263 260 677 279 261 678 270 262 679 268 257 680 280 263 681 256 245 682 270 262 683 282 264 684 271 265 685 272 243 686 283 266 687 271 265 688 281 267 689 283 266 690 274 248 691 273 246 692 284 268 693 275 269 694 274 248 695 286 270 696 275 269 697 285 271 698 287 272 699 276 251 700 286 270 701 288 273 702 277 253 703 287 272 704 289 274 705 278 255 706 288 273 707 289 274 708 280 263 709 279 261 710 290 275 711 272 243 712 280 263 713 291 276 714 281 267 715 282 264 716 292 277 717 281 267 718 291 276 719 292 277 720 284 268 721 283 266 722 292 277 723 285 271 724 284 268 725 293 278 726 286 270 727 285 271 728 293 278 729 287 272 730 286 270 731 294 279 732 288 273 733 287 272 734 294 279 735 289 274 736 288 273 737 295 280 738 290 275 739 289 274 740 291 276 741 290 275 742 295 280 743 257 281 744 292 277 745 291 276 746 260 282 747 293 278 748 292 277 749 263 260 750 294 279 751 293 278 752 269 258 753 294 279 754 266 259 755 257 281 756 295 280 757 269 258 758 312 283 759 298 284 760 296 285 761 298 284 762 313 286 763 299 287 764 299 287 765 314 288 766 301 289 767 314 288 768 302 290 769 301 289 770 302 290 771 316 291 772 304 292 773 304 292 774 317 293 775 305 294 776 305 294 777 318 295 778 307 296 779 318 295 780 308 297 781 307 296 782 309 298 783 303 299 784 300 300 785 319 301 786 310 302 787 308 297 788 320 303 789 296 285 790 310 302 791 322 304 792 311 305 793 312 283 794 323 306 795 311 305 796 321 307 797 323 306 798 314 288 799 313 286 800 324 308 801 315 309 802 314 288 803 326 310 804 315 309 805 325 311 806 327 312 807 316 291 808 326 310 809 328 313 810 317 293 811 327 312 812 329 314 813 318 295 814 328 313 815 329 314 816 320 303 817 319 301 818 330 315 819 312 283 820 320 303 821 331 316 822 321 307 823 322 304 824 332 317 825 321 307 826 331 316 827 332 317 828 324 308 829 323 306 830 332 317 831 325 311 832 324 308 833 333 318 834 326 310 835 325 311 836 333 318 837 327 312 838 326 310 839 334 319 840 328 313 841 327 312 842 334 319 843 329 314 844 328 313 845 335 320 846 330 315 847 329 314 848 331 316 849 330 315 850 335 320 851 297 321 852 332 317 853 331 316 854 300 300 855 333 318 856 332 317 857 303 299 858 334 319 859 333 318 860 309 298 861 334 319 862 306 322 863 297 321 864 335 320 865 309 298 866 352 323 867 338 324 868 336 325 869 338 324 870 353 326 871 339 327 872 339 327 873 354 328 874 341 329 875 354 328 876 342 330 877 341 329 878 342 330 879 356 331 880 344 332 881 344 332 882 357 333 883 345 334 884 345 334 885 358 335 886 347 336 887 358 335 888 348 337 889 347 336 890 349 338 891 346 339 892 343 340 893 359 341 894 350 342 895 348 337 896 360 343 897 336 325 898 350 342 899 362 344 900 351 345 901 352 323 902 363 346 903 351 345 904 361 347 905 363 346 906 354 328 907 353 326 908 364 348 909 355 349 910 354 328 911 366 350 912 355 349 913 365 351 914 367 352 915 356 331 916 366 350 917 368 353 918 357 333 919 367 352 920 369 354 921 358 335 922 368 353 923 369 354 924 360 343 925 359 341 926 370 355 927 352 323 928 360 343 929 371 356 930 361 347 931 362 344 932 372 357 933 361 347 934 371 356 935 372 357 936 364 348 937 363 346 938 372 357 939 365 351 940 364 348 941 373 358 942 366 350 943 365 351 944 373 358 945 367 352 946 366 350 947 374 359 948 368 353 949 367 352 950 374 359 951 369 354 952 368 353 953 375 360 954 370 355 955 369 354 956 371 356 957 370 355 958 375 360 959 337 361 960 372 357 961 371 356 962 340 362 963 373 358 964 372 357 965 343 340 966 374 359 967 373 358 968 349 338 969 374 359 970 346 339 971 337 361 972 375 360 973 349 338 974 16 0 975 15 22 976 2 1 977 2 1 978 15 22 979 17 3 980 3 4 981 17 3 982 18 5 983 18 5 984 19 26 985 6 7 986 6 7 987 19 26 988 20 8 989 8 9 990 20 8 991 21 10 992 9 11 993 21 10 994 22 12 995 22 12 996 23 18 997 12 14 998 4 17 999 1 38 1000 13 39 1001 13 39 1002 10 15 1003 4 17 1004 23 18 1005 24 20 1006 14 19 1007 24 20 1008 16 0 1009 0 2 1010 26 21 1011 25 24 1012 15 22 1013 27 23 1014 17 3 1015 15 22 1016 27 23 1017 28 25 1018 18 5 1019 28 25 1020 29 28 1021 19 26 1022 30 27 1023 20 8 1024 19 26 1025 31 29 1026 21 10 1027 20 8 1028 32 30 1029 22 12 1030 21 10 1031 33 31 1032 23 18 1033 22 12 1034 33 31 1035 34 32 1036 24 20 1037 34 32 1038 26 21 1039 16 0 1040 36 34 1041 27 23 1042 25 24 1043 36 34 1044 37 35 1045 29 28 1046 37 35 1047 38 36 1048 31 29 1049 38 36 1050 39 37 1051 33 31 1052 35 33 1053 26 21 1054 34 32 1055 1 38 1056 4 17 1057 36 34 1058 4 17 1059 7 16 1060 37 35 1061 7 16 1062 10 15 1063 38 36 1064 13 39 1065 39 37 1066 38 36 1067 1 38 1068 35 33 1069 39 37 1070 42 42 1071 40 363 1072 54 364 1073 40 363 1074 41 365 1075 54 364 1076 41 365 1077 55 366 1078 54 364 1079 54 364 1080 53 367 1081 52 368 1082 52 368 1083 51 369 1084 50 40 1085 50 40 1086 49 370 1087 48 371 1088 48 371 1089 47 372 1090 50 40 1091 47 372 1092 46 41 1093 50 40 1094 46 41 1095 45 373 1096 44 374 1097 44 374 1098 43 375 1099 46 41 1100 43 375 1101 42 42 1102 46 41 1103 54 364 1104 52 368 1105 42 42 1106 52 368 1107 50 40 1108 42 42 1109 72 43 1110 71 65 1111 58 44 1112 58 44 1113 71 65 1114 73 46 1115 59 47 1116 73 46 1117 74 48 1118 74 48 1119 75 69 1120 62 50 1121 62 50 1122 75 69 1123 76 51 1124 64 52 1125 76 51 1126 77 53 1127 65 54 1128 77 53 1129 78 55 1130 78 55 1131 79 61 1132 68 57 1133 60 60 1134 57 81 1135 69 58 1136 69 58 1137 66 82 1138 63 59 1139 79 61 1140 80 63 1141 70 62 1142 80 63 1143 72 43 1144 56 45 1145 82 64 1146 81 67 1147 71 65 1148 83 66 1149 73 46 1150 71 65 1151 83 66 1152 84 68 1153 74 48 1154 84 68 1155 85 71 1156 75 69 1157 86 70 1158 76 51 1159 75 69 1160 87 72 1161 77 53 1162 76 51 1163 88 73 1164 78 55 1165 77 53 1166 89 74 1167 79 61 1168 78 55 1169 89 74 1170 90 75 1171 80 63 1172 90 75 1173 82 64 1174 72 43 1175 92 77 1176 83 66 1177 81 67 1178 92 77 1179 93 78 1180 85 71 1181 93 78 1182 94 79 1183 87 72 1184 94 79 1185 95 80 1186 89 74 1187 91 76 1188 82 64 1189 90 75 1190 60 60 1191 92 77 1192 91 76 1193 60 60 1194 63 59 1195 93 78 1196 63 59 1197 66 82 1198 94 79 1199 69 58 1200 95 80 1201 94 79 1202 57 81 1203 91 76 1204 95 80 1205 112 83 1206 111 105 1207 98 84 1208 98 84 1209 111 105 1210 113 86 1211 99 87 1212 113 86 1213 114 88 1214 114 88 1215 115 109 1216 102 90 1217 102 90 1218 115 109 1219 116 91 1220 104 92 1221 116 91 1222 117 93 1223 105 94 1224 117 93 1225 118 95 1226 118 95 1227 119 101 1228 108 97 1229 100 100 1230 97 121 1231 109 122 1232 109 122 1233 106 98 1234 100 100 1235 119 101 1236 120 103 1237 110 102 1238 120 103 1239 112 83 1240 96 85 1241 122 104 1242 121 107 1243 111 105 1244 123 106 1245 113 86 1246 111 105 1247 123 106 1248 124 108 1249 114 88 1250 124 108 1251 125 111 1252 115 109 1253 126 110 1254 116 91 1255 115 109 1256 127 112 1257 117 93 1258 116 91 1259 128 113 1260 118 95 1261 117 93 1262 129 114 1263 119 101 1264 118 95 1265 129 114 1266 130 115 1267 120 103 1268 130 115 1269 122 104 1270 112 83 1271 132 117 1272 123 106 1273 121 107 1274 132 117 1275 133 118 1276 125 111 1277 133 118 1278 134 119 1279 127 112 1280 134 119 1281 135 120 1282 129 114 1283 131 116 1284 122 104 1285 130 115 1286 100 100 1287 132 117 1288 131 116 1289 100 100 1290 103 99 1291 133 118 1292 103 99 1293 106 98 1294 134 119 1295 109 122 1296 135 120 1297 134 119 1298 97 121 1299 131 116 1300 135 120 1301 152 123 1302 151 145 1303 138 124 1304 138 124 1305 151 145 1306 153 126 1307 139 127 1308 153 126 1309 154 128 1310 154 128 1311 155 149 1312 142 130 1313 142 130 1314 155 149 1315 156 131 1316 144 132 1317 156 131 1318 157 133 1319 145 134 1320 157 133 1321 158 135 1322 158 135 1323 159 141 1324 148 137 1325 140 140 1326 137 161 1327 149 162 1328 149 162 1329 146 138 1330 140 140 1331 159 141 1332 160 143 1333 150 142 1334 160 143 1335 152 123 1336 136 125 1337 162 144 1338 161 147 1339 151 145 1340 163 146 1341 153 126 1342 151 145 1343 163 146 1344 164 148 1345 154 128 1346 164 148 1347 165 151 1348 155 149 1349 166 150 1350 156 131 1351 155 149 1352 167 152 1353 157 133 1354 156 131 1355 168 153 1356 158 135 1357 157 133 1358 169 154 1359 159 141 1360 158 135 1361 169 154 1362 170 155 1363 160 143 1364 170 155 1365 162 144 1366 152 123 1367 172 157 1368 163 146 1369 161 147 1370 172 157 1371 173 158 1372 165 151 1373 173 158 1374 174 159 1375 167 152 1376 174 159 1377 175 160 1378 169 154 1379 171 156 1380 162 144 1381 170 155 1382 140 140 1383 172 157 1384 171 156 1385 140 140 1386 143 139 1387 173 158 1388 143 139 1389 146 138 1390 174 159 1391 149 162 1392 175 160 1393 174 159 1394 137 161 1395 171 156 1396 175 160 1397 192 163 1398 191 185 1399 178 164 1400 178 164 1401 191 185 1402 193 166 1403 179 167 1404 193 166 1405 194 168 1406 194 168 1407 195 189 1408 182 170 1409 182 170 1410 195 189 1411 196 171 1412 184 172 1413 196 171 1414 197 173 1415 185 174 1416 197 173 1417 198 175 1418 198 175 1419 199 181 1420 188 177 1421 180 180 1422 177 201 1423 189 178 1424 189 178 1425 186 202 1426 183 179 1427 199 181 1428 200 183 1429 190 182 1430 200 183 1431 192 163 1432 176 165 1433 202 184 1434 201 187 1435 191 185 1436 203 186 1437 193 166 1438 191 185 1439 203 186 1440 204 188 1441 194 168 1442 204 188 1443 205 191 1444 195 189 1445 206 190 1446 196 171 1447 195 189 1448 207 192 1449 197 173 1450 196 171 1451 208 193 1452 198 175 1453 197 173 1454 209 194 1455 199 181 1456 198 175 1457 209 194 1458 210 195 1459 200 183 1460 210 195 1461 202 184 1462 192 163 1463 212 197 1464 203 186 1465 201 187 1466 212 197 1467 213 198 1468 205 191 1469 213 198 1470 214 199 1471 207 192 1472 214 199 1473 215 200 1474 209 194 1475 211 196 1476 202 184 1477 210 195 1478 180 180 1479 212 197 1480 211 196 1481 180 180 1482 183 179 1483 213 198 1484 183 179 1485 186 202 1486 214 199 1487 189 178 1488 215 200 1489 214 199 1490 177 201 1491 211 196 1492 215 200 1493 232 203 1494 231 225 1495 218 204 1496 218 204 1497 231 225 1498 233 206 1499 219 207 1500 233 206 1501 234 208 1502 234 208 1503 235 229 1504 222 210 1505 222 210 1506 235 229 1507 236 211 1508 224 212 1509 236 211 1510 237 213 1511 225 214 1512 237 213 1513 238 215 1514 238 215 1515 239 221 1516 228 217 1517 220 220 1518 217 241 1519 229 242 1520 229 242 1521 226 218 1522 220 220 1523 239 221 1524 240 223 1525 230 222 1526 240 223 1527 232 203 1528 216 205 1529 242 224 1530 241 227 1531 231 225 1532 243 226 1533 233 206 1534 231 225 1535 243 226 1536 244 228 1537 234 208 1538 244 228 1539 245 231 1540 235 229 1541 246 230 1542 236 211 1543 235 229 1544 247 232 1545 237 213 1546 236 211 1547 248 233 1548 238 215 1549 237 213 1550 249 234 1551 239 221 1552 238 215 1553 249 234 1554 250 235 1555 240 223 1556 250 235 1557 242 224 1558 232 203 1559 252 237 1560 243 226 1561 241 227 1562 252 237 1563 253 238 1564 245 231 1565 253 238 1566 254 239 1567 247 232 1568 254 239 1569 255 240 1570 249 234 1571 251 236 1572 242 224 1573 250 235 1574 220 220 1575 252 237 1576 251 236 1577 220 220 1578 223 219 1579 253 238 1580 223 219 1581 226 218 1582 254 239 1583 229 242 1584 255 240 1585 254 239 1586 217 241 1587 251 236 1588 255 240 1589 272 243 1590 271 265 1591 258 244 1592 258 244 1593 271 265 1594 273 246 1595 259 247 1596 273 246 1597 274 248 1598 274 248 1599 275 269 1600 262 250 1601 262 250 1602 275 269 1603 276 251 1604 264 252 1605 276 251 1606 277 253 1607 265 254 1608 277 253 1609 278 255 1610 278 255 1611 279 261 1612 268 257 1613 260 282 1614 257 281 1615 263 260 1616 257 281 1617 269 258 1618 263 260 1619 279 261 1620 280 263 1621 270 262 1622 280 263 1623 272 243 1624 256 245 1625 282 264 1626 281 267 1627 271 265 1628 283 266 1629 273 246 1630 271 265 1631 283 266 1632 284 268 1633 274 248 1634 284 268 1635 285 271 1636 275 269 1637 286 270 1638 276 251 1639 275 269 1640 287 272 1641 277 253 1642 276 251 1643 288 273 1644 278 255 1645 277 253 1646 289 274 1647 279 261 1648 278 255 1649 289 274 1650 290 275 1651 280 263 1652 290 275 1653 282 264 1654 272 243 1655 292 277 1656 283 266 1657 281 267 1658 292 277 1659 293 278 1660 285 271 1661 293 278 1662 294 279 1663 287 272 1664 294 279 1665 295 280 1666 289 274 1667 291 276 1668 282 264 1669 290 275 1670 257 281 1671 260 282 1672 292 277 1673 260 282 1674 263 260 1675 293 278 1676 263 260 1677 266 259 1678 294 279 1679 269 258 1680 295 280 1681 294 279 1682 257 281 1683 291 276 1684 295 280 1685 312 283 1686 311 305 1687 298 284 1688 298 284 1689 311 305 1690 313 286 1691 299 287 1692 313 286 1693 314 288 1694 314 288 1695 315 309 1696 302 290 1697 302 290 1698 315 309 1699 316 291 1700 304 292 1701 316 291 1702 317 293 1703 305 294 1704 317 293 1705 318 295 1706 318 295 1707 319 301 1708 308 297 1709 300 300 1710 297 321 1711 309 298 1712 309 298 1713 306 322 1714 303 299 1715 319 301 1716 320 303 1717 310 302 1718 320 303 1719 312 283 1720 296 285 1721 322 304 1722 321 307 1723 311 305 1724 323 306 1725 313 286 1726 311 305 1727 323 306 1728 324 308 1729 314 288 1730 324 308 1731 325 311 1732 315 309 1733 326 310 1734 316 291 1735 315 309 1736 327 312 1737 317 293 1738 316 291 1739 328 313 1740 318 295 1741 317 293 1742 329 314 1743 319 301 1744 318 295 1745 329 314 1746 330 315 1747 320 303 1748 330 315 1749 322 304 1750 312 283 1751 332 317 1752 323 306 1753 321 307 1754 332 317 1755 333 318 1756 325 311 1757 333 318 1758 334 319 1759 327 312 1760 334 319 1761 335 320 1762 329 314 1763 331 316 1764 322 304 1765 330 315 1766 297 321 1767 300 300 1768 332 317 1769 300 300 1770 303 299 1771 333 318 1772 303 299 1773 306 322 1774 334 319 1775 309 298 1776 335 320 1777 334 319 1778 297 321 1779 331 316 1780 335 320 1781 352 323 1782 351 345 1783 338 324 1784 338 324 1785 351 345 1786 353 326 1787 339 327 1788 353 326 1789 354 328 1790 354 328 1791 355 349 1792 342 330 1793 342 330 1794 355 349 1795 356 331 1796 344 332 1797 356 331 1798 357 333 1799 345 334 1800 357 333 1801 358 335 1802 358 335 1803 359 341 1804 348 337 1805 340 362 1806 337 361 1807 343 340 1808 337 361 1809 349 338 1810 343 340 1811 359 341 1812 360 343 1813 350 342 1814 360 343 1815 352 323 1816 336 325 1817 362 344 1818 361 347 1819 351 345 1820 363 346 1821 353 326 1822 351 345 1823 363 346 1824 364 348 1825 354 328 1826 364 348 1827 365 351 1828 355 349 1829 366 350 1830 356 331 1831 355 349 1832 367 352 1833 357 333 1834 356 331 1835 368 353 1836 358 335 1837 357 333 1838 369 354 1839 359 341 1840 358 335 1841 369 354 1842 370 355 1843 360 343 1844 370 355 1845 362 344 1846 352 323 1847 372 357 1848 363 346 1849 361 347 1850 372 357 1851 373 358 1852 365 351 1853 373 358 1854 374 359 1855 367 352 1856 374 359 1857 375 360 1858 369 354 1859 371 356 1860 362 344 1861 370 355 1862 337 361 1863 340 362 1864 372 357 1865 340 362 1866 343 340 1867 373 358 1868 343 340 1869 346 339 1870 374 359 1871 349 338 1872 375 360 1873 374 359 1874 337 361 1875 371 356 1876 375 360 1877</p>
        </triangles>
      </mesh>
    </geometry>
  </library_geometries>
  <library_visual_scenes>
    <visual_scene id="Scene" name="Scene">
      <node id="spart_shields" name="spart_shields" type="NODE">
        <matrix sid="transform">1 0 0 0 0 1 0 0 0 0 1 0 0 0 0 1</matrix>
        <instance_geometry url="#spart_shields-mesh" name="spart_shields">
          <bind_material>
            <technique_common>
              <instance_material symbol="hele_decor_001-material" target="#hele_decor_001-material">
                <bind_vertex_input semantic="UVMap" input_semantic="TEXCOORD" input_set="0"/>
                <bind_vertex_input semantic="ao_map" input_semantic="TEXCOORD" input_set="1"/>
              </instance_material>
            </technique_common>
          </bind_material>
        </instance_geometry>
      </node>
    </visual_scene>
  </library_visual_scenes>
  <scene>
    <instance_visual_scene url="#Scene"/>
  </scene>
</COLLADA>